researcher_id,year,comment_raw,comment_summary,strengths,improvements
R001,2022,"정재원 연구원은 탁월한 연구 역량과 창의적인 문제 해결 능력을 보유하고 있습니다. 특히 기계시스템 분야에서 두각을 나타내며, 팀 협업에도 적극적으로 기여하고 있습니다. 향후 리더십 역량 개발에 더욱 집중한다면 더 큰 성과를 이룰 수 있을 것으로 기대됩니다. 논문 및 특허 실적도 꾸준히 성장하고 있어 연구소의 핵심 인재로 자리매김하고 있습니다.","정재원 연구원은 탁월한 연구 역량과 창의적인 문제 해결 능력을 보유하고 있습니다. 특히 기계시스템 분야에서 두각을 나타내며, 팀 협업에도 적극적으로 기여하고 있습니다. 향후 리더십 역량 개발에 더욱 집중한다면 더 큰...","기계시스템 전문성, 연구 성과 우수","리더십 역량 강화, 외부 네트워크 확대"
R001,2023,"정재원 연구원은 연구소 내에서 전문성과 성과 면에서 두드러진 모습을 보여주고 있습니다. 복잡한 기술 과제를 체계적으로 분석하고 해결하는 능력이 돋보이며, 기계시스템 분야의 핵심 인재로 성장하고 있습니다. 글로벌 연구 역량 강화를 위해 국제 학술 활동 참여를 늘릴 것을 제안합니다.","정재원 연구원은 연구소 내에서 전문성과 성과 면에서 두드러진 모습을 보여주고 있습니다. 복잡한 기술 과제를 체계적으로 분석하고 해결하는 능력이 돋보이며, 기계시스템 분야의 핵심 인재로 성장하고 있습니다. 글로벌 연구...","기계시스템 전문성, 연구 성과 우수","리더십 역량 강화, 외부 네트워크 확대"
R001,2024,"정재원 연구원은 성실하고 꼼꼼한 연구 태도로 주변의 신뢰를 받고 있습니다. 기계시스템 관련 전문성이 높으며, 다수의 논문 및 특허 실적을 통해 연구소 발전에 기여하고 있습니다. 소통 능력을 더욱 향상시키면 팀 내 시너지 효과가 클 것으로 봅니다. 후배 연구원들에게 좋은 롤모델이 되고 있어 조직 문화에도 긍정적인 영향을 주고 있습니다.","정재원 연구원은 성실하고 꼼꼼한 연구 태도로 주변의 신뢰를 받고 있습니다. 기계시스템 관련 전문성이 높으며, 다수의 논문 및 특허 실적을 통해 연구소 발전에 기여하고 있습니다. 소통 능력을 더욱 향상시키면 팀 내 시...","기계시스템 전문성, 연구 성과 우수","리더십 역량 강화, 외부 네트워크 확대"
R002,2022,"이시우 연구원은 성실하고 꼼꼼한 연구 태도로 주변의 신뢰를 받고 있습니다. 기계시스템 관련 전문성이 높으며, 다수의 논문 및 특허 실적을 통해 연구소 발전에 기여하고 있습니다. 소통 능력을 더욱 향상시키면 팀 내 시너지 효과가 클 것으로 봅니다. 후배 연구원들에게 좋은 롤모델이 되고 있어 조직 문화에도 긍정적인 영향을 주고 있습니다.","이시우 연구원은 성실하고 꼼꼼한 연구 태도로 주변의 신뢰를 받고 있습니다. 기계시스템 관련 전문성이 높으며, 다수의 논문 및 특허 실적을 통해 연구소 발전에 기여하고 있습니다. 소통 능력을 더욱 향상시키면 팀 내 시...","기계시스템 전문성, 연구 성과 우수","리더십 역량 강화, 외부 네트워크 확대"
R002,2023,"올해 이시우 연구원은 기계시스템 프로젝트에서 핵심적인 역할을 수행하여 우수한 결과를 도출하였습니다. 연구 기획력과 실행력이 뛰어나며, 후배 연구원 지도에도 열의를 보이고 있습니다. 지속적인 자기계발 노력이 인상적이며, 외부 협력 네트워크를 더욱 확대할 것을 권장합니다.","올해 이시우 연구원은 기계시스템 프로젝트에서 핵심적인 역할을 수행하여 우수한 결과를 도출하였습니다. 연구 기획력과 실행력이 뛰어나며, 후배 연구원 지도에도 열의를 보이고 있습니다. 지속적인 자기계발 노력이 인상적이며...","기계시스템 전문성, 연구 성과 우수","리더십 역량 강화, 외부 네트워크 확대"
R002,2024,"올해 이시우 연구원은 기계시스템 프로젝트에서 핵심적인 역할을 수행하여 우수한 결과를 도출하였습니다. 연구 기획력과 실행력이 뛰어나며, 후배 연구원 지도에도 열의를 보이고 있습니다. 지속적인 자기계발 노력이 인상적이며, 외부 협력 네트워크를 더욱 확대할 것을 권장합니다.","올해 이시우 연구원은 기계시스템 프로젝트에서 핵심적인 역할을 수행하여 우수한 결과를 도출하였습니다. 연구 기획력과 실행력이 뛰어나며, 후배 연구원 지도에도 열의를 보이고 있습니다. 지속적인 자기계발 노력이 인상적이며...","기계시스템 전문성, 연구 성과 우수","리더십 역량 강화, 외부 네트워크 확대"
R003,2022,"올해 김준혁 연구원은 기계시스템 프로젝트에서 핵심적인 역할을 수행하여 우수한 결과를 도출하였습니다. 연구 기획력과 실행력이 뛰어나며, 후배 연구원 지도에도 열의를 보이고 있습니다. 지속적인 자기계발 노력이 인상적이며, 외부 협력 네트워크를 더욱 확대할 것을 권장합니다.","올해 김준혁 연구원은 기계시스템 프로젝트에서 핵심적인 역할을 수행하여 우수한 결과를 도출하였습니다. 연구 기획력과 실행력이 뛰어나며, 후배 연구원 지도에도 열의를 보이고 있습니다. 지속적인 자기계발 노력이 인상적이며...","기계시스템 전문성, 연구 성과 우수","리더십 역량 강화, 외부 네트워크 확대"
R003,2023,"김준혁 연구원은 연구소 내에서 전문성과 성과 면에서 두드러진 모습을 보여주고 있습니다. 복잡한 기술 과제를 체계적으로 분석하고 해결하는 능력이 돋보이며, 기계시스템 분야의 핵심 인재로 성장하고 있습니다. 글로벌 연구 역량 강화를 위해 국제 학술 활동 참여를 늘릴 것을 제안합니다.","김준혁 연구원은 연구소 내에서 전문성과 성과 면에서 두드러진 모습을 보여주고 있습니다. 복잡한 기술 과제를 체계적으로 분석하고 해결하는 능력이 돋보이며, 기계시스템 분야의 핵심 인재로 성장하고 있습니다. 글로벌 연구...","기계시스템 전문성, 연구 성과 우수","리더십 역량 강화, 외부 네트워크 확대"
R003,2024,"올해 김준혁 연구원은 기계시스템 프로젝트에서 핵심적인 역할을 수행하여 우수한 결과를 도출하였습니다. 연구 기획력과 실행력이 뛰어나며, 후배 연구원 지도에도 열의를 보이고 있습니다. 지속적인 자기계발 노력이 인상적이며, 외부 협력 네트워크를 더욱 확대할 것을 권장합니다.","올해 김준혁 연구원은 기계시스템 프로젝트에서 핵심적인 역할을 수행하여 우수한 결과를 도출하였습니다. 연구 기획력과 실행력이 뛰어나며, 후배 연구원 지도에도 열의를 보이고 있습니다. 지속적인 자기계발 노력이 인상적이며...","기계시스템 전문성, 연구 성과 우수","리더십 역량 강화, 외부 네트워크 확대"
R004,2022,"장유진 연구원은 탁월한 연구 역량과 창의적인 문제 해결 능력을 보유하고 있습니다. 특히 기계시스템 분야에서 두각을 나타내며, 팀 협업에도 적극적으로 기여하고 있습니다. 향후 리더십 역량 개발에 더욱 집중한다면 더 큰 성과를 이룰 수 있을 것으로 기대됩니다. 논문 및 특허 실적도 꾸준히 성장하고 있어 연구소의 핵심 인재로 자리매김하고 있습니다.","장유진 연구원은 탁월한 연구 역량과 창의적인 문제 해결 능력을 보유하고 있습니다. 특히 기계시스템 분야에서 두각을 나타내며, 팀 협업에도 적극적으로 기여하고 있습니다. 향후 리더십 역량 개발에 더욱 집중한다면 더 큰...","기계시스템 전문성, 연구 성과 우수","리더십 역량 강화, 외부 네트워크 확대"
R004,2023,"장유진 연구원은 탁월한 연구 역량과 창의적인 문제 해결 능력을 보유하고 있습니다. 특히 기계시스템 분야에서 두각을 나타내며, 팀 협업에도 적극적으로 기여하고 있습니다. 향후 리더십 역량 개발에 더욱 집중한다면 더 큰 성과를 이룰 수 있을 것으로 기대됩니다. 논문 및 특허 실적도 꾸준히 성장하고 있어 연구소의 핵심 인재로 자리매김하고 있습니다.","장유진 연구원은 탁월한 연구 역량과 창의적인 문제 해결 능력을 보유하고 있습니다. 특히 기계시스템 분야에서 두각을 나타내며, 팀 협업에도 적극적으로 기여하고 있습니다. 향후 리더십 역량 개발에 더욱 집중한다면 더 큰...","기계시스템 전문성, 연구 성과 우수","리더십 역량 강화, 외부 네트워크 확대"
R004,2024,"올해 장유진 연구원은 기계시스템 프로젝트에서 핵심적인 역할을 수행하여 우수한 결과를 도출하였습니다. 연구 기획력과 실행력이 뛰어나며, 후배 연구원 지도에도 열의를 보이고 있습니다. 지속적인 자기계발 노력이 인상적이며, 외부 협력 네트워크를 더욱 확대할 것을 권장합니다.","올해 장유진 연구원은 기계시스템 프로젝트에서 핵심적인 역할을 수행하여 우수한 결과를 도출하였습니다. 연구 기획력과 실행력이 뛰어나며, 후배 연구원 지도에도 열의를 보이고 있습니다. 지속적인 자기계발 노력이 인상적이며...","기계시스템 전문성, 연구 성과 우수","리더십 역량 강화, 외부 네트워크 확대"
R005,2022,"올해 오준서 연구원은 기계시스템 프로젝트에서 핵심적인 역할을 수행하여 우수한 결과를 도출하였습니다. 연구 기획력과 실행력이 뛰어나며, 후배 연구원 지도에도 열의를 보이고 있습니다. 지속적인 자기계발 노력이 인상적이며, 외부 협력 네트워크를 더욱 확대할 것을 권장합니다.","올해 오준서 연구원은 기계시스템 프로젝트에서 핵심적인 역할을 수행하여 우수한 결과를 도출하였습니다. 연구 기획력과 실행력이 뛰어나며, 후배 연구원 지도에도 열의를 보이고 있습니다. 지속적인 자기계발 노력이 인상적이며...","기계시스템 전문성, 연구 성과 우수","리더십 역량 강화, 외부 네트워크 확대"
R005,2023,"오준서 연구원은 연구소 내에서 전문성과 성과 면에서 두드러진 모습을 보여주고 있습니다. 복잡한 기술 과제를 체계적으로 분석하고 해결하는 능력이 돋보이며, 기계시스템 분야의 핵심 인재로 성장하고 있습니다. 글로벌 연구 역량 강화를 위해 국제 학술 활동 참여를 늘릴 것을 제안합니다.","오준서 연구원은 연구소 내에서 전문성과 성과 면에서 두드러진 모습을 보여주고 있습니다. 복잡한 기술 과제를 체계적으로 분석하고 해결하는 능력이 돋보이며, 기계시스템 분야의 핵심 인재로 성장하고 있습니다. 글로벌 연구...","기계시스템 전문성, 연구 성과 우수","리더십 역량 강화, 외부 네트워크 확대"
R005,2024,"오준서 연구원은 연구소 내에서 전문성과 성과 면에서 두드러진 모습을 보여주고 있습니다. 복잡한 기술 과제를 체계적으로 분석하고 해결하는 능력이 돋보이며, 기계시스템 분야의 핵심 인재로 성장하고 있습니다. 글로벌 연구 역량 강화를 위해 국제 학술 활동 참여를 늘릴 것을 제안합니다.","오준서 연구원은 연구소 내에서 전문성과 성과 면에서 두드러진 모습을 보여주고 있습니다. 복잡한 기술 과제를 체계적으로 분석하고 해결하는 능력이 돋보이며, 기계시스템 분야의 핵심 인재로 성장하고 있습니다. 글로벌 연구...","기계시스템 전문성, 연구 성과 우수","리더십 역량 강화, 외부 네트워크 확대"
R006,2022,"임동현 연구원은 탁월한 연구 역량과 창의적인 문제 해결 능력을 보유하고 있습니다. 특히 기계시스템 분야에서 두각을 나타내며, 팀 협업에도 적극적으로 기여하고 있습니다. 향후 리더십 역량 개발에 더욱 집중한다면 더 큰 성과를 이룰 수 있을 것으로 기대됩니다. 논문 및 특허 실적도 꾸준히 성장하고 있어 연구소의 핵심 인재로 자리매김하고 있습니다.","임동현 연구원은 탁월한 연구 역량과 창의적인 문제 해결 능력을 보유하고 있습니다. 특히 기계시스템 분야에서 두각을 나타내며, 팀 협업에도 적극적으로 기여하고 있습니다. 향후 리더십 역량 개발에 더욱 집중한다면 더 큰...","기계시스템 전문성, 연구 성과 우수","리더십 역량 강화, 외부 네트워크 확대"
R006,2023,"임동현 연구원은 연구소 내에서 전문성과 성과 면에서 두드러진 모습을 보여주고 있습니다. 복잡한 기술 과제를 체계적으로 분석하고 해결하는 능력이 돋보이며, 기계시스템 분야의 핵심 인재로 성장하고 있습니다. 글로벌 연구 역량 강화를 위해 국제 학술 활동 참여를 늘릴 것을 제안합니다.","임동현 연구원은 연구소 내에서 전문성과 성과 면에서 두드러진 모습을 보여주고 있습니다. 복잡한 기술 과제를 체계적으로 분석하고 해결하는 능력이 돋보이며, 기계시스템 분야의 핵심 인재로 성장하고 있습니다. 글로벌 연구...","기계시스템 전문성, 연구 성과 우수","리더십 역량 강화, 외부 네트워크 확대"
R006,2024,"올해 임동현 연구원은 기계시스템 프로젝트에서 핵심적인 역할을 수행하여 우수한 결과를 도출하였습니다. 연구 기획력과 실행력이 뛰어나며, 후배 연구원 지도에도 열의를 보이고 있습니다. 지속적인 자기계발 노력이 인상적이며, 외부 협력 네트워크를 더욱 확대할 것을 권장합니다.","올해 임동현 연구원은 기계시스템 프로젝트에서 핵심적인 역할을 수행하여 우수한 결과를 도출하였습니다. 연구 기획력과 실행력이 뛰어나며, 후배 연구원 지도에도 열의를 보이고 있습니다. 지속적인 자기계발 노력이 인상적이며...","기계시스템 전문성, 연구 성과 우수","리더십 역량 강화, 외부 네트워크 확대"
R007,2022,"조서연 연구원은 연구소 내에서 전문성과 성과 면에서 두드러진 모습을 보여주고 있습니다. 복잡한 기술 과제를 체계적으로 분석하고 해결하는 능력이 돋보이며, 기계시스템 분야의 핵심 인재로 성장하고 있습니다. 글로벌 연구 역량 강화를 위해 국제 학술 활동 참여를 늘릴 것을 제안합니다.","조서연 연구원은 연구소 내에서 전문성과 성과 면에서 두드러진 모습을 보여주고 있습니다. 복잡한 기술 과제를 체계적으로 분석하고 해결하는 능력이 돋보이며, 기계시스템 분야의 핵심 인재로 성장하고 있습니다. 글로벌 연구...","기계시스템 전문성, 연구 성과 우수","리더십 역량 강화, 외부 네트워크 확대"
R007,2023,"올해 조서연 연구원은 기계시스템 프로젝트에서 핵심적인 역할을 수행하여 우수한 결과를 도출하였습니다. 연구 기획력과 실행력이 뛰어나며, 후배 연구원 지도에도 열의를 보이고 있습니다. 지속적인 자기계발 노력이 인상적이며, 외부 협력 네트워크를 더욱 확대할 것을 권장합니다.","올해 조서연 연구원은 기계시스템 프로젝트에서 핵심적인 역할을 수행하여 우수한 결과를 도출하였습니다. 연구 기획력과 실행력이 뛰어나며, 후배 연구원 지도에도 열의를 보이고 있습니다. 지속적인 자기계발 노력이 인상적이며...","기계시스템 전문성, 연구 성과 우수","리더십 역량 강화, 외부 네트워크 확대"
R007,2024,"조서연 연구원은 탁월한 연구 역량과 창의적인 문제 해결 능력을 보유하고 있습니다. 특히 기계시스템 분야에서 두각을 나타내며, 팀 협업에도 적극적으로 기여하고 있습니다. 향후 리더십 역량 개발에 더욱 집중한다면 더 큰 성과를 이룰 수 있을 것으로 기대됩니다. 논문 및 특허 실적도 꾸준히 성장하고 있어 연구소의 핵심 인재로 자리매김하고 있습니다.","조서연 연구원은 탁월한 연구 역량과 창의적인 문제 해결 능력을 보유하고 있습니다. 특히 기계시스템 분야에서 두각을 나타내며, 팀 협업에도 적극적으로 기여하고 있습니다. 향후 리더십 역량 개발에 더욱 집중한다면 더 큰...","기계시스템 전문성, 연구 성과 우수","리더십 역량 강화, 외부 네트워크 확대"
R008,2022,"강도현 연구원은 성실하고 꼼꼼한 연구 태도로 주변의 신뢰를 받고 있습니다. 기계시스템 관련 전문성이 높으며, 다수의 논문 및 특허 실적을 통해 연구소 발전에 기여하고 있습니다. 소통 능력을 더욱 향상시키면 팀 내 시너지 효과가 클 것으로 봅니다. 후배 연구원들에게 좋은 롤모델이 되고 있어 조직 문화에도 긍정적인 영향을 주고 있습니다.","강도현 연구원은 성실하고 꼼꼼한 연구 태도로 주변의 신뢰를 받고 있습니다. 기계시스템 관련 전문성이 높으며, 다수의 논문 및 특허 실적을 통해 연구소 발전에 기여하고 있습니다. 소통 능력을 더욱 향상시키면 팀 내 시...","기계시스템 전문성, 연구 성과 우수","리더십 역량 강화, 외부 네트워크 확대"
R008,2023,"강도현 연구원은 연구소 내에서 전문성과 성과 면에서 두드러진 모습을 보여주고 있습니다. 복잡한 기술 과제를 체계적으로 분석하고 해결하는 능력이 돋보이며, 기계시스템 분야의 핵심 인재로 성장하고 있습니다. 글로벌 연구 역량 강화를 위해 국제 학술 활동 참여를 늘릴 것을 제안합니다.","강도현 연구원은 연구소 내에서 전문성과 성과 면에서 두드러진 모습을 보여주고 있습니다. 복잡한 기술 과제를 체계적으로 분석하고 해결하는 능력이 돋보이며, 기계시스템 분야의 핵심 인재로 성장하고 있습니다. 글로벌 연구...","기계시스템 전문성, 연구 성과 우수","리더십 역량 강화, 외부 네트워크 확대"
R008,2024,"강도현 연구원은 탁월한 연구 역량과 창의적인 문제 해결 능력을 보유하고 있습니다. 특히 기계시스템 분야에서 두각을 나타내며, 팀 협업에도 적극적으로 기여하고 있습니다. 향후 리더십 역량 개발에 더욱 집중한다면 더 큰 성과를 이룰 수 있을 것으로 기대됩니다. 논문 및 특허 실적도 꾸준히 성장하고 있어 연구소의 핵심 인재로 자리매김하고 있습니다.","강도현 연구원은 탁월한 연구 역량과 창의적인 문제 해결 능력을 보유하고 있습니다. 특히 기계시스템 분야에서 두각을 나타내며, 팀 협업에도 적극적으로 기여하고 있습니다. 향후 리더십 역량 개발에 더욱 집중한다면 더 큰...","기계시스템 전문성, 연구 성과 우수","리더십 역량 강화, 외부 네트워크 확대"
R009,2022,"강민서 연구원은 탁월한 연구 역량과 창의적인 문제 해결 능력을 보유하고 있습니다. 특히 기계시스템 분야에서 두각을 나타내며, 팀 협업에도 적극적으로 기여하고 있습니다. 향후 리더십 역량 개발에 더욱 집중한다면 더 큰 성과를 이룰 수 있을 것으로 기대됩니다. 논문 및 특허 실적도 꾸준히 성장하고 있어 연구소의 핵심 인재로 자리매김하고 있습니다.","강민서 연구원은 탁월한 연구 역량과 창의적인 문제 해결 능력을 보유하고 있습니다. 특히 기계시스템 분야에서 두각을 나타내며, 팀 협업에도 적극적으로 기여하고 있습니다. 향후 리더십 역량 개발에 더욱 집중한다면 더 큰...","기계시스템 전문성, 연구 성과 우수","리더십 역량 강화, 외부 네트워크 확대"
R009,2023,"강민서 연구원은 연구소 내에서 전문성과 성과 면에서 두드러진 모습을 보여주고 있습니다. 복잡한 기술 과제를 체계적으로 분석하고 해결하는 능력이 돋보이며, 기계시스템 분야의 핵심 인재로 성장하고 있습니다. 글로벌 연구 역량 강화를 위해 국제 학술 활동 참여를 늘릴 것을 제안합니다.","강민서 연구원은 연구소 내에서 전문성과 성과 면에서 두드러진 모습을 보여주고 있습니다. 복잡한 기술 과제를 체계적으로 분석하고 해결하는 능력이 돋보이며, 기계시스템 분야의 핵심 인재로 성장하고 있습니다. 글로벌 연구...","기계시스템 전문성, 연구 성과 우수","리더십 역량 강화, 외부 네트워크 확대"
R009,2024,"강민서 연구원은 성실하고 꼼꼼한 연구 태도로 주변의 신뢰를 받고 있습니다. 기계시스템 관련 전문성이 높으며, 다수의 논문 및 특허 실적을 통해 연구소 발전에 기여하고 있습니다. 소통 능력을 더욱 향상시키면 팀 내 시너지 효과가 클 것으로 봅니다. 후배 연구원들에게 좋은 롤모델이 되고 있어 조직 문화에도 긍정적인 영향을 주고 있습니다.","강민서 연구원은 성실하고 꼼꼼한 연구 태도로 주변의 신뢰를 받고 있습니다. 기계시스템 관련 전문성이 높으며, 다수의 논문 및 특허 실적을 통해 연구소 발전에 기여하고 있습니다. 소통 능력을 더욱 향상시키면 팀 내 시...","기계시스템 전문성, 연구 성과 우수","리더십 역량 강화, 외부 네트워크 확대"
R010,2022,"올해 김주원 연구원은 기계시스템 프로젝트에서 핵심적인 역할을 수행하여 우수한 결과를 도출하였습니다. 연구 기획력과 실행력이 뛰어나며, 후배 연구원 지도에도 열의를 보이고 있습니다. 지속적인 자기계발 노력이 인상적이며, 외부 협력 네트워크를 더욱 확대할 것을 권장합니다.","올해 김주원 연구원은 기계시스템 프로젝트에서 핵심적인 역할을 수행하여 우수한 결과를 도출하였습니다. 연구 기획력과 실행력이 뛰어나며, 후배 연구원 지도에도 열의를 보이고 있습니다. 지속적인 자기계발 노력이 인상적이며...","기계시스템 전문성, 연구 성과 우수","리더십 역량 강화, 외부 네트워크 확대"
R010,2023,"김주원 연구원은 탁월한 연구 역량과 창의적인 문제 해결 능력을 보유하고 있습니다. 특히 기계시스템 분야에서 두각을 나타내며, 팀 협업에도 적극적으로 기여하고 있습니다. 향후 리더십 역량 개발에 더욱 집중한다면 더 큰 성과를 이룰 수 있을 것으로 기대됩니다. 논문 및 특허 실적도 꾸준히 성장하고 있어 연구소의 핵심 인재로 자리매김하고 있습니다.","김주원 연구원은 탁월한 연구 역량과 창의적인 문제 해결 능력을 보유하고 있습니다. 특히 기계시스템 분야에서 두각을 나타내며, 팀 협업에도 적극적으로 기여하고 있습니다. 향후 리더십 역량 개발에 더욱 집중한다면 더 큰...","기계시스템 전문성, 연구 성과 우수","리더십 역량 강화, 외부 네트워크 확대"
R010,2024,"김주원 연구원은 탁월한 연구 역량과 창의적인 문제 해결 능력을 보유하고 있습니다. 특히 기계시스템 분야에서 두각을 나타내며, 팀 협업에도 적극적으로 기여하고 있습니다. 향후 리더십 역량 개발에 더욱 집중한다면 더 큰 성과를 이룰 수 있을 것으로 기대됩니다. 논문 및 특허 실적도 꾸준히 성장하고 있어 연구소의 핵심 인재로 자리매김하고 있습니다.","김주원 연구원은 탁월한 연구 역량과 창의적인 문제 해결 능력을 보유하고 있습니다. 특히 기계시스템 분야에서 두각을 나타내며, 팀 협업에도 적극적으로 기여하고 있습니다. 향후 리더십 역량 개발에 더욱 집중한다면 더 큰...","기계시스템 전문성, 연구 성과 우수","리더십 역량 강화, 외부 네트워크 확대"
R011,2022,"조현우 연구원은 성실하고 꼼꼼한 연구 태도로 주변의 신뢰를 받고 있습니다. 소재공정 관련 전문성이 높으며, 다수의 논문 및 특허 실적을 통해 연구소 발전에 기여하고 있습니다. 소통 능력을 더욱 향상시키면 팀 내 시너지 효과가 클 것으로 봅니다. 후배 연구원들에게 좋은 롤모델이 되고 있어 조직 문화에도 긍정적인 영향을 주고 있습니다.","조현우 연구원은 성실하고 꼼꼼한 연구 태도로 주변의 신뢰를 받고 있습니다. 소재공정 관련 전문성이 높으며, 다수의 논문 및 특허 실적을 통해 연구소 발전에 기여하고 있습니다. 소통 능력을 더욱 향상시키면 팀 내 시너...","소재공정 전문성, 연구 성과 우수","리더십 역량 강화, 외부 네트워크 확대"
R011,2023,"올해 조현우 연구원은 소재공정 프로젝트에서 핵심적인 역할을 수행하여 우수한 결과를 도출하였습니다. 연구 기획력과 실행력이 뛰어나며, 후배 연구원 지도에도 열의를 보이고 있습니다. 지속적인 자기계발 노력이 인상적이며, 외부 협력 네트워크를 더욱 확대할 것을 권장합니다.","올해 조현우 연구원은 소재공정 프로젝트에서 핵심적인 역할을 수행하여 우수한 결과를 도출하였습니다. 연구 기획력과 실행력이 뛰어나며, 후배 연구원 지도에도 열의를 보이고 있습니다. 지속적인 자기계발 노력이 인상적이며,...","소재공정 전문성, 연구 성과 우수","리더십 역량 강화, 외부 네트워크 확대"
R011,2024,"조현우 연구원은 탁월한 연구 역량과 창의적인 문제 해결 능력을 보유하고 있습니다. 특히 소재공정 분야에서 두각을 나타내며, 팀 협업에도 적극적으로 기여하고 있습니다. 향후 리더십 역량 개발에 더욱 집중한다면 더 큰 성과를 이룰 수 있을 것으로 기대됩니다. 논문 및 특허 실적도 꾸준히 성장하고 있어 연구소의 핵심 인재로 자리매김하고 있습니다.","조현우 연구원은 탁월한 연구 역량과 창의적인 문제 해결 능력을 보유하고 있습니다. 특히 소재공정 분야에서 두각을 나타내며, 팀 협업에도 적극적으로 기여하고 있습니다. 향후 리더십 역량 개발에 더욱 집중한다면 더 큰 ...","소재공정 전문성, 연구 성과 우수","리더십 역량 강화, 외부 네트워크 확대"
R012,2022,"강지수 연구원은 성실하고 꼼꼼한 연구 태도로 주변의 신뢰를 받고 있습니다. 소재공정 관련 전문성이 높으며, 다수의 논문 및 특허 실적을 통해 연구소 발전에 기여하고 있습니다. 소통 능력을 더욱 향상시키면 팀 내 시너지 효과가 클 것으로 봅니다. 후배 연구원들에게 좋은 롤모델이 되고 있어 조직 문화에도 긍정적인 영향을 주고 있습니다.","강지수 연구원은 성실하고 꼼꼼한 연구 태도로 주변의 신뢰를 받고 있습니다. 소재공정 관련 전문성이 높으며, 다수의 논문 및 특허 실적을 통해 연구소 발전에 기여하고 있습니다. 소통 능력을 더욱 향상시키면 팀 내 시너...","소재공정 전문성, 연구 성과 우수","리더십 역량 강화, 외부 네트워크 확대"
R012,2023,"강지수 연구원은 연구소 내에서 전문성과 성과 면에서 두드러진 모습을 보여주고 있습니다. 복잡한 기술 과제를 체계적으로 분석하고 해결하는 능력이 돋보이며, 소재공정 분야의 핵심 인재로 성장하고 있습니다. 글로벌 연구 역량 강화를 위해 국제 학술 활동 참여를 늘릴 것을 제안합니다.","강지수 연구원은 연구소 내에서 전문성과 성과 면에서 두드러진 모습을 보여주고 있습니다. 복잡한 기술 과제를 체계적으로 분석하고 해결하는 능력이 돋보이며, 소재공정 분야의 핵심 인재로 성장하고 있습니다. 글로벌 연구 ...","소재공정 전문성, 연구 성과 우수","리더십 역량 강화, 외부 네트워크 확대"
R012,2024,"강지수 연구원은 성실하고 꼼꼼한 연구 태도로 주변의 신뢰를 받고 있습니다. 소재공정 관련 전문성이 높으며, 다수의 논문 및 특허 실적을 통해 연구소 발전에 기여하고 있습니다. 소통 능력을 더욱 향상시키면 팀 내 시너지 효과가 클 것으로 봅니다. 후배 연구원들에게 좋은 롤모델이 되고 있어 조직 문화에도 긍정적인 영향을 주고 있습니다.","강지수 연구원은 성실하고 꼼꼼한 연구 태도로 주변의 신뢰를 받고 있습니다. 소재공정 관련 전문성이 높으며, 다수의 논문 및 특허 실적을 통해 연구소 발전에 기여하고 있습니다. 소통 능력을 더욱 향상시키면 팀 내 시너...","소재공정 전문성, 연구 성과 우수","리더십 역량 강화, 외부 네트워크 확대"
R013,2022,"김시우 연구원은 성실하고 꼼꼼한 연구 태도로 주변의 신뢰를 받고 있습니다. 소재공정 관련 전문성이 높으며, 다수의 논문 및 특허 실적을 통해 연구소 발전에 기여하고 있습니다. 소통 능력을 더욱 향상시키면 팀 내 시너지 효과가 클 것으로 봅니다. 후배 연구원들에게 좋은 롤모델이 되고 있어 조직 문화에도 긍정적인 영향을 주고 있습니다.","김시우 연구원은 성실하고 꼼꼼한 연구 태도로 주변의 신뢰를 받고 있습니다. 소재공정 관련 전문성이 높으며, 다수의 논문 및 특허 실적을 통해 연구소 발전에 기여하고 있습니다. 소통 능력을 더욱 향상시키면 팀 내 시너...","소재공정 전문성, 연구 성과 우수","리더십 역량 강화, 외부 네트워크 확대"
R013,2023,"김시우 연구원은 탁월한 연구 역량과 창의적인 문제 해결 능력을 보유하고 있습니다. 특히 소재공정 분야에서 두각을 나타내며, 팀 협업에도 적극적으로 기여하고 있습니다. 향후 리더십 역량 개발에 더욱 집중한다면 더 큰 성과를 이룰 수 있을 것으로 기대됩니다. 논문 및 특허 실적도 꾸준히 성장하고 있어 연구소의 핵심 인재로 자리매김하고 있습니다.","김시우 연구원은 탁월한 연구 역량과 창의적인 문제 해결 능력을 보유하고 있습니다. 특히 소재공정 분야에서 두각을 나타내며, 팀 협업에도 적극적으로 기여하고 있습니다. 향후 리더십 역량 개발에 더욱 집중한다면 더 큰 ...","소재공정 전문성, 연구 성과 우수","리더십 역량 강화, 외부 네트워크 확대"
R013,2024,"올해 김시우 연구원은 소재공정 프로젝트에서 핵심적인 역할을 수행하여 우수한 결과를 도출하였습니다. 연구 기획력과 실행력이 뛰어나며, 후배 연구원 지도에도 열의를 보이고 있습니다. 지속적인 자기계발 노력이 인상적이며, 외부 협력 네트워크를 더욱 확대할 것을 권장합니다.","올해 김시우 연구원은 소재공정 프로젝트에서 핵심적인 역할을 수행하여 우수한 결과를 도출하였습니다. 연구 기획력과 실행력이 뛰어나며, 후배 연구원 지도에도 열의를 보이고 있습니다. 지속적인 자기계발 노력이 인상적이며,...","소재공정 전문성, 연구 성과 우수","리더십 역량 강화, 외부 네트워크 확대"
R014,2022,"최민서 연구원은 연구소 내에서 전문성과 성과 면에서 두드러진 모습을 보여주고 있습니다. 복잡한 기술 과제를 체계적으로 분석하고 해결하는 능력이 돋보이며, 소재공정 분야의 핵심 인재로 성장하고 있습니다. 글로벌 연구 역량 강화를 위해 국제 학술 활동 참여를 늘릴 것을 제안합니다.","최민서 연구원은 연구소 내에서 전문성과 성과 면에서 두드러진 모습을 보여주고 있습니다. 복잡한 기술 과제를 체계적으로 분석하고 해결하는 능력이 돋보이며, 소재공정 분야의 핵심 인재로 성장하고 있습니다. 글로벌 연구 ...","소재공정 전문성, 연구 성과 우수","리더십 역량 강화, 외부 네트워크 확대"
R014,2023,"최민서 연구원은 성실하고 꼼꼼한 연구 태도로 주변의 신뢰를 받고 있습니다. 소재공정 관련 전문성이 높으며, 다수의 논문 및 특허 실적을 통해 연구소 발전에 기여하고 있습니다. 소통 능력을 더욱 향상시키면 팀 내 시너지 효과가 클 것으로 봅니다. 후배 연구원들에게 좋은 롤모델이 되고 있어 조직 문화에도 긍정적인 영향을 주고 있습니다.","최민서 연구원은 성실하고 꼼꼼한 연구 태도로 주변의 신뢰를 받고 있습니다. 소재공정 관련 전문성이 높으며, 다수의 논문 및 특허 실적을 통해 연구소 발전에 기여하고 있습니다. 소통 능력을 더욱 향상시키면 팀 내 시너...","소재공정 전문성, 연구 성과 우수","리더십 역량 강화, 외부 네트워크 확대"
R014,2024,"최민서 연구원은 연구소 내에서 전문성과 성과 면에서 두드러진 모습을 보여주고 있습니다. 복잡한 기술 과제를 체계적으로 분석하고 해결하는 능력이 돋보이며, 소재공정 분야의 핵심 인재로 성장하고 있습니다. 글로벌 연구 역량 강화를 위해 국제 학술 활동 참여를 늘릴 것을 제안합니다.","최민서 연구원은 연구소 내에서 전문성과 성과 면에서 두드러진 모습을 보여주고 있습니다. 복잡한 기술 과제를 체계적으로 분석하고 해결하는 능력이 돋보이며, 소재공정 분야의 핵심 인재로 성장하고 있습니다. 글로벌 연구 ...","소재공정 전문성, 연구 성과 우수","리더십 역량 강화, 외부 네트워크 확대"
R015,2022,"올해 윤준서 연구원은 소재공정 프로젝트에서 핵심적인 역할을 수행하여 우수한 결과를 도출하였습니다. 연구 기획력과 실행력이 뛰어나며, 후배 연구원 지도에도 열의를 보이고 있습니다. 지속적인 자기계발 노력이 인상적이며, 외부 협력 네트워크를 더욱 확대할 것을 권장합니다.","올해 윤준서 연구원은 소재공정 프로젝트에서 핵심적인 역할을 수행하여 우수한 결과를 도출하였습니다. 연구 기획력과 실행력이 뛰어나며, 후배 연구원 지도에도 열의를 보이고 있습니다. 지속적인 자기계발 노력이 인상적이며,...","소재공정 전문성, 연구 성과 우수","리더십 역량 강화, 외부 네트워크 확대"
R015,2023,"윤준서 연구원은 연구소 내에서 전문성과 성과 면에서 두드러진 모습을 보여주고 있습니다. 복잡한 기술 과제를 체계적으로 분석하고 해결하는 능력이 돋보이며, 소재공정 분야의 핵심 인재로 성장하고 있습니다. 글로벌 연구 역량 강화를 위해 국제 학술 활동 참여를 늘릴 것을 제안합니다.","윤준서 연구원은 연구소 내에서 전문성과 성과 면에서 두드러진 모습을 보여주고 있습니다. 복잡한 기술 과제를 체계적으로 분석하고 해결하는 능력이 돋보이며, 소재공정 분야의 핵심 인재로 성장하고 있습니다. 글로벌 연구 ...","소재공정 전문성, 연구 성과 우수","리더십 역량 강화, 외부 네트워크 확대"
R015,2024,"윤준서 연구원은 연구소 내에서 전문성과 성과 면에서 두드러진 모습을 보여주고 있습니다. 복잡한 기술 과제를 체계적으로 분석하고 해결하는 능력이 돋보이며, 소재공정 분야의 핵심 인재로 성장하고 있습니다. 글로벌 연구 역량 강화를 위해 국제 학술 활동 참여를 늘릴 것을 제안합니다.","윤준서 연구원은 연구소 내에서 전문성과 성과 면에서 두드러진 모습을 보여주고 있습니다. 복잡한 기술 과제를 체계적으로 분석하고 해결하는 능력이 돋보이며, 소재공정 분야의 핵심 인재로 성장하고 있습니다. 글로벌 연구 ...","소재공정 전문성, 연구 성과 우수","리더십 역량 강화, 외부 네트워크 확대"
R016,2022,"강성민 연구원은 탁월한 연구 역량과 창의적인 문제 해결 능력을 보유하고 있습니다. 특히 소재공정 분야에서 두각을 나타내며, 팀 협업에도 적극적으로 기여하고 있습니다. 향후 리더십 역량 개발에 더욱 집중한다면 더 큰 성과를 이룰 수 있을 것으로 기대됩니다. 논문 및 특허 실적도 꾸준히 성장하고 있어 연구소의 핵심 인재로 자리매김하고 있습니다.","강성민 연구원은 탁월한 연구 역량과 창의적인 문제 해결 능력을 보유하고 있습니다. 특히 소재공정 분야에서 두각을 나타내며, 팀 협업에도 적극적으로 기여하고 있습니다. 향후 리더십 역량 개발에 더욱 집중한다면 더 큰 ...","소재공정 전문성, 연구 성과 우수","리더십 역량 강화, 외부 네트워크 확대"
R016,2023,"올해 강성민 연구원은 소재공정 프로젝트에서 핵심적인 역할을 수행하여 우수한 결과를 도출하였습니다. 연구 기획력과 실행력이 뛰어나며, 후배 연구원 지도에도 열의를 보이고 있습니다. 지속적인 자기계발 노력이 인상적이며, 외부 협력 네트워크를 더욱 확대할 것을 권장합니다.","올해 강성민 연구원은 소재공정 프로젝트에서 핵심적인 역할을 수행하여 우수한 결과를 도출하였습니다. 연구 기획력과 실행력이 뛰어나며, 후배 연구원 지도에도 열의를 보이고 있습니다. 지속적인 자기계발 노력이 인상적이며,...","소재공정 전문성, 연구 성과 우수","리더십 역량 강화, 외부 네트워크 확대"
R016,2024,"강성민 연구원은 성실하고 꼼꼼한 연구 태도로 주변의 신뢰를 받고 있습니다. 소재공정 관련 전문성이 높으며, 다수의 논문 및 특허 실적을 통해 연구소 발전에 기여하고 있습니다. 소통 능력을 더욱 향상시키면 팀 내 시너지 효과가 클 것으로 봅니다. 후배 연구원들에게 좋은 롤모델이 되고 있어 조직 문화에도 긍정적인 영향을 주고 있습니다.","강성민 연구원은 성실하고 꼼꼼한 연구 태도로 주변의 신뢰를 받고 있습니다. 소재공정 관련 전문성이 높으며, 다수의 논문 및 특허 실적을 통해 연구소 발전에 기여하고 있습니다. 소통 능력을 더욱 향상시키면 팀 내 시너...","소재공정 전문성, 연구 성과 우수","리더십 역량 강화, 외부 네트워크 확대"
R017,2022,"한현우 연구원은 탁월한 연구 역량과 창의적인 문제 해결 능력을 보유하고 있습니다. 특히 소재공정 분야에서 두각을 나타내며, 팀 협업에도 적극적으로 기여하고 있습니다. 향후 리더십 역량 개발에 더욱 집중한다면 더 큰 성과를 이룰 수 있을 것으로 기대됩니다. 논문 및 특허 실적도 꾸준히 성장하고 있어 연구소의 핵심 인재로 자리매김하고 있습니다.","한현우 연구원은 탁월한 연구 역량과 창의적인 문제 해결 능력을 보유하고 있습니다. 특히 소재공정 분야에서 두각을 나타내며, 팀 협업에도 적극적으로 기여하고 있습니다. 향후 리더십 역량 개발에 더욱 집중한다면 더 큰 ...","소재공정 전문성, 연구 성과 우수","리더십 역량 강화, 외부 네트워크 확대"
R017,2023,"한현우 연구원은 탁월한 연구 역량과 창의적인 문제 해결 능력을 보유하고 있습니다. 특히 소재공정 분야에서 두각을 나타내며, 팀 협업에도 적극적으로 기여하고 있습니다. 향후 리더십 역량 개발에 더욱 집중한다면 더 큰 성과를 이룰 수 있을 것으로 기대됩니다. 논문 및 특허 실적도 꾸준히 성장하고 있어 연구소의 핵심 인재로 자리매김하고 있습니다.","한현우 연구원은 탁월한 연구 역량과 창의적인 문제 해결 능력을 보유하고 있습니다. 특히 소재공정 분야에서 두각을 나타내며, 팀 협업에도 적극적으로 기여하고 있습니다. 향후 리더십 역량 개발에 더욱 집중한다면 더 큰 ...","소재공정 전문성, 연구 성과 우수","리더십 역량 강화, 외부 네트워크 확대"
R017,2024,"한현우 연구원은 성실하고 꼼꼼한 연구 태도로 주변의 신뢰를 받고 있습니다. 소재공정 관련 전문성이 높으며, 다수의 논문 및 특허 실적을 통해 연구소 발전에 기여하고 있습니다. 소통 능력을 더욱 향상시키면 팀 내 시너지 효과가 클 것으로 봅니다. 후배 연구원들에게 좋은 롤모델이 되고 있어 조직 문화에도 긍정적인 영향을 주고 있습니다.","한현우 연구원은 성실하고 꼼꼼한 연구 태도로 주변의 신뢰를 받고 있습니다. 소재공정 관련 전문성이 높으며, 다수의 논문 및 특허 실적을 통해 연구소 발전에 기여하고 있습니다. 소통 능력을 더욱 향상시키면 팀 내 시너...","소재공정 전문성, 연구 성과 우수","리더십 역량 강화, 외부 네트워크 확대"
R018,2022,"올해 최지훈 연구원은 소재공정 프로젝트에서 핵심적인 역할을 수행하여 우수한 결과를 도출하였습니다. 연구 기획력과 실행력이 뛰어나며, 후배 연구원 지도에도 열의를 보이고 있습니다. 지속적인 자기계발 노력이 인상적이며, 외부 협력 네트워크를 더욱 확대할 것을 권장합니다.","올해 최지훈 연구원은 소재공정 프로젝트에서 핵심적인 역할을 수행하여 우수한 결과를 도출하였습니다. 연구 기획력과 실행력이 뛰어나며, 후배 연구원 지도에도 열의를 보이고 있습니다. 지속적인 자기계발 노력이 인상적이며,...","소재공정 전문성, 연구 성과 우수","리더십 역량 강화, 외부 네트워크 확대"
R018,2023,"최지훈 연구원은 연구소 내에서 전문성과 성과 면에서 두드러진 모습을 보여주고 있습니다. 복잡한 기술 과제를 체계적으로 분석하고 해결하는 능력이 돋보이며, 소재공정 분야의 핵심 인재로 성장하고 있습니다. 글로벌 연구 역량 강화를 위해 국제 학술 활동 참여를 늘릴 것을 제안합니다.","최지훈 연구원은 연구소 내에서 전문성과 성과 면에서 두드러진 모습을 보여주고 있습니다. 복잡한 기술 과제를 체계적으로 분석하고 해결하는 능력이 돋보이며, 소재공정 분야의 핵심 인재로 성장하고 있습니다. 글로벌 연구 ...","소재공정 전문성, 연구 성과 우수","리더십 역량 강화, 외부 네트워크 확대"
R018,2024,"올해 최지훈 연구원은 소재공정 프로젝트에서 핵심적인 역할을 수행하여 우수한 결과를 도출하였습니다. 연구 기획력과 실행력이 뛰어나며, 후배 연구원 지도에도 열의를 보이고 있습니다. 지속적인 자기계발 노력이 인상적이며, 외부 협력 네트워크를 더욱 확대할 것을 권장합니다.","올해 최지훈 연구원은 소재공정 프로젝트에서 핵심적인 역할을 수행하여 우수한 결과를 도출하였습니다. 연구 기획력과 실행력이 뛰어나며, 후배 연구원 지도에도 열의를 보이고 있습니다. 지속적인 자기계발 노력이 인상적이며,...","소재공정 전문성, 연구 성과 우수","리더십 역량 강화, 외부 네트워크 확대"
R019,2022,"올해 한예준 연구원은 소재공정 프로젝트에서 핵심적인 역할을 수행하여 우수한 결과를 도출하였습니다. 연구 기획력과 실행력이 뛰어나며, 후배 연구원 지도에도 열의를 보이고 있습니다. 지속적인 자기계발 노력이 인상적이며, 외부 협력 네트워크를 더욱 확대할 것을 권장합니다.","올해 한예준 연구원은 소재공정 프로젝트에서 핵심적인 역할을 수행하여 우수한 결과를 도출하였습니다. 연구 기획력과 실행력이 뛰어나며, 후배 연구원 지도에도 열의를 보이고 있습니다. 지속적인 자기계발 노력이 인상적이며,...","소재공정 전문성, 연구 성과 우수","리더십 역량 강화, 외부 네트워크 확대"
R019,2023,"한예준 연구원은 연구소 내에서 전문성과 성과 면에서 두드러진 모습을 보여주고 있습니다. 복잡한 기술 과제를 체계적으로 분석하고 해결하는 능력이 돋보이며, 소재공정 분야의 핵심 인재로 성장하고 있습니다. 글로벌 연구 역량 강화를 위해 국제 학술 활동 참여를 늘릴 것을 제안합니다.","한예준 연구원은 연구소 내에서 전문성과 성과 면에서 두드러진 모습을 보여주고 있습니다. 복잡한 기술 과제를 체계적으로 분석하고 해결하는 능력이 돋보이며, 소재공정 분야의 핵심 인재로 성장하고 있습니다. 글로벌 연구 ...","소재공정 전문성, 연구 성과 우수","리더십 역량 강화, 외부 네트워크 확대"
R019,2024,"한예준 연구원은 연구소 내에서 전문성과 성과 면에서 두드러진 모습을 보여주고 있습니다. 복잡한 기술 과제를 체계적으로 분석하고 해결하는 능력이 돋보이며, 소재공정 분야의 핵심 인재로 성장하고 있습니다. 글로벌 연구 역량 강화를 위해 국제 학술 활동 참여를 늘릴 것을 제안합니다.","한예준 연구원은 연구소 내에서 전문성과 성과 면에서 두드러진 모습을 보여주고 있습니다. 복잡한 기술 과제를 체계적으로 분석하고 해결하는 능력이 돋보이며, 소재공정 분야의 핵심 인재로 성장하고 있습니다. 글로벌 연구 ...","소재공정 전문성, 연구 성과 우수","리더십 역량 강화, 외부 네트워크 확대"
R020,2022,"김재원 연구원은 연구소 내에서 전문성과 성과 면에서 두드러진 모습을 보여주고 있습니다. 복잡한 기술 과제를 체계적으로 분석하고 해결하는 능력이 돋보이며, 소재공정 분야의 핵심 인재로 성장하고 있습니다. 글로벌 연구 역량 강화를 위해 국제 학술 활동 참여를 늘릴 것을 제안합니다.","김재원 연구원은 연구소 내에서 전문성과 성과 면에서 두드러진 모습을 보여주고 있습니다. 복잡한 기술 과제를 체계적으로 분석하고 해결하는 능력이 돋보이며, 소재공정 분야의 핵심 인재로 성장하고 있습니다. 글로벌 연구 ...","소재공정 전문성, 연구 성과 우수","리더십 역량 강화, 외부 네트워크 확대"
R020,2023,"올해 김재원 연구원은 소재공정 프로젝트에서 핵심적인 역할을 수행하여 우수한 결과를 도출하였습니다. 연구 기획력과 실행력이 뛰어나며, 후배 연구원 지도에도 열의를 보이고 있습니다. 지속적인 자기계발 노력이 인상적이며, 외부 협력 네트워크를 더욱 확대할 것을 권장합니다.","올해 김재원 연구원은 소재공정 프로젝트에서 핵심적인 역할을 수행하여 우수한 결과를 도출하였습니다. 연구 기획력과 실행력이 뛰어나며, 후배 연구원 지도에도 열의를 보이고 있습니다. 지속적인 자기계발 노력이 인상적이며,...","소재공정 전문성, 연구 성과 우수","리더십 역량 강화, 외부 네트워크 확대"
R020,2024,"김재원 연구원은 성실하고 꼼꼼한 연구 태도로 주변의 신뢰를 받고 있습니다. 소재공정 관련 전문성이 높으며, 다수의 논문 및 특허 실적을 통해 연구소 발전에 기여하고 있습니다. 소통 능력을 더욱 향상시키면 팀 내 시너지 효과가 클 것으로 봅니다. 후배 연구원들에게 좋은 롤모델이 되고 있어 조직 문화에도 긍정적인 영향을 주고 있습니다.","김재원 연구원은 성실하고 꼼꼼한 연구 태도로 주변의 신뢰를 받고 있습니다. 소재공정 관련 전문성이 높으며, 다수의 논문 및 특허 실적을 통해 연구소 발전에 기여하고 있습니다. 소통 능력을 더욱 향상시키면 팀 내 시너...","소재공정 전문성, 연구 성과 우수","리더십 역량 강화, 외부 네트워크 확대"
R021,2022,"올해 정현우 연구원은 AI융합 프로젝트에서 핵심적인 역할을 수행하여 우수한 결과를 도출하였습니다. 연구 기획력과 실행력이 뛰어나며, 후배 연구원 지도에도 열의를 보이고 있습니다. 지속적인 자기계발 노력이 인상적이며, 외부 협력 네트워크를 더욱 확대할 것을 권장합니다.","올해 정현우 연구원은 AI융합 프로젝트에서 핵심적인 역할을 수행하여 우수한 결과를 도출하였습니다. 연구 기획력과 실행력이 뛰어나며, 후배 연구원 지도에도 열의를 보이고 있습니다. 지속적인 자기계발 노력이 인상적이며,...","AI융합 전문성, 연구 성과 우수","리더십 역량 강화, 외부 네트워크 확대"
R021,2023,"정현우 연구원은 성실하고 꼼꼼한 연구 태도로 주변의 신뢰를 받고 있습니다. AI융합 관련 전문성이 높으며, 다수의 논문 및 특허 실적을 통해 연구소 발전에 기여하고 있습니다. 소통 능력을 더욱 향상시키면 팀 내 시너지 효과가 클 것으로 봅니다. 후배 연구원들에게 좋은 롤모델이 되고 있어 조직 문화에도 긍정적인 영향을 주고 있습니다.","정현우 연구원은 성실하고 꼼꼼한 연구 태도로 주변의 신뢰를 받고 있습니다. AI융합 관련 전문성이 높으며, 다수의 논문 및 특허 실적을 통해 연구소 발전에 기여하고 있습니다. 소통 능력을 더욱 향상시키면 팀 내 시너...","AI융합 전문성, 연구 성과 우수","리더십 역량 강화, 외부 네트워크 확대"
R021,2024,"올해 정현우 연구원은 AI융합 프로젝트에서 핵심적인 역할을 수행하여 우수한 결과를 도출하였습니다. 연구 기획력과 실행력이 뛰어나며, 후배 연구원 지도에도 열의를 보이고 있습니다. 지속적인 자기계발 노력이 인상적이며, 외부 협력 네트워크를 더욱 확대할 것을 권장합니다.","올해 정현우 연구원은 AI융합 프로젝트에서 핵심적인 역할을 수행하여 우수한 결과를 도출하였습니다. 연구 기획력과 실행력이 뛰어나며, 후배 연구원 지도에도 열의를 보이고 있습니다. 지속적인 자기계발 노력이 인상적이며,...","AI융합 전문성, 연구 성과 우수","리더십 역량 강화, 외부 네트워크 확대"
R022,2022,"한민지 연구원은 성실하고 꼼꼼한 연구 태도로 주변의 신뢰를 받고 있습니다. AI융합 관련 전문성이 높으며, 다수의 논문 및 특허 실적을 통해 연구소 발전에 기여하고 있습니다. 소통 능력을 더욱 향상시키면 팀 내 시너지 효과가 클 것으로 봅니다. 후배 연구원들에게 좋은 롤모델이 되고 있어 조직 문화에도 긍정적인 영향을 주고 있습니다.","한민지 연구원은 성실하고 꼼꼼한 연구 태도로 주변의 신뢰를 받고 있습니다. AI융합 관련 전문성이 높으며, 다수의 논문 및 특허 실적을 통해 연구소 발전에 기여하고 있습니다. 소통 능력을 더욱 향상시키면 팀 내 시너...","AI융합 전문성, 연구 성과 우수","리더십 역량 강화, 외부 네트워크 확대"
R022,2023,"한민지 연구원은 연구소 내에서 전문성과 성과 면에서 두드러진 모습을 보여주고 있습니다. 복잡한 기술 과제를 체계적으로 분석하고 해결하는 능력이 돋보이며, AI융합 분야의 핵심 인재로 성장하고 있습니다. 글로벌 연구 역량 강화를 위해 국제 학술 활동 참여를 늘릴 것을 제안합니다.","한민지 연구원은 연구소 내에서 전문성과 성과 면에서 두드러진 모습을 보여주고 있습니다. 복잡한 기술 과제를 체계적으로 분석하고 해결하는 능력이 돋보이며, AI융합 분야의 핵심 인재로 성장하고 있습니다. 글로벌 연구 ...","AI융합 전문성, 연구 성과 우수","리더십 역량 강화, 외부 네트워크 확대"
R022,2024,"올해 한민지 연구원은 AI융합 프로젝트에서 핵심적인 역할을 수행하여 우수한 결과를 도출하였습니다. 연구 기획력과 실행력이 뛰어나며, 후배 연구원 지도에도 열의를 보이고 있습니다. 지속적인 자기계발 노력이 인상적이며, 외부 협력 네트워크를 더욱 확대할 것을 권장합니다.","올해 한민지 연구원은 AI융합 프로젝트에서 핵심적인 역할을 수행하여 우수한 결과를 도출하였습니다. 연구 기획력과 실행력이 뛰어나며, 후배 연구원 지도에도 열의를 보이고 있습니다. 지속적인 자기계발 노력이 인상적이며,...","AI융합 전문성, 연구 성과 우수","리더십 역량 강화, 외부 네트워크 확대"
R023,2022,"올해 박동현 연구원은 AI융합 프로젝트에서 핵심적인 역할을 수행하여 우수한 결과를 도출하였습니다. 연구 기획력과 실행력이 뛰어나며, 후배 연구원 지도에도 열의를 보이고 있습니다. 지속적인 자기계발 노력이 인상적이며, 외부 협력 네트워크를 더욱 확대할 것을 권장합니다.","올해 박동현 연구원은 AI융합 프로젝트에서 핵심적인 역할을 수행하여 우수한 결과를 도출하였습니다. 연구 기획력과 실행력이 뛰어나며, 후배 연구원 지도에도 열의를 보이고 있습니다. 지속적인 자기계발 노력이 인상적이며,...","AI융합 전문성, 연구 성과 우수","리더십 역량 강화, 외부 네트워크 확대"
R023,2023,"박동현 연구원은 탁월한 연구 역량과 창의적인 문제 해결 능력을 보유하고 있습니다. 특히 AI융합 분야에서 두각을 나타내며, 팀 협업에도 적극적으로 기여하고 있습니다. 향후 리더십 역량 개발에 더욱 집중한다면 더 큰 성과를 이룰 수 있을 것으로 기대됩니다. 논문 및 특허 실적도 꾸준히 성장하고 있어 연구소의 핵심 인재로 자리매김하고 있습니다.","박동현 연구원은 탁월한 연구 역량과 창의적인 문제 해결 능력을 보유하고 있습니다. 특히 AI융합 분야에서 두각을 나타내며, 팀 협업에도 적극적으로 기여하고 있습니다. 향후 리더십 역량 개발에 더욱 집중한다면 더 큰 ...","AI융합 전문성, 연구 성과 우수","리더십 역량 강화, 외부 네트워크 확대"
R023,2024,"박동현 연구원은 성실하고 꼼꼼한 연구 태도로 주변의 신뢰를 받고 있습니다. AI융합 관련 전문성이 높으며, 다수의 논문 및 특허 실적을 통해 연구소 발전에 기여하고 있습니다. 소통 능력을 더욱 향상시키면 팀 내 시너지 효과가 클 것으로 봅니다. 후배 연구원들에게 좋은 롤모델이 되고 있어 조직 문화에도 긍정적인 영향을 주고 있습니다.","박동현 연구원은 성실하고 꼼꼼한 연구 태도로 주변의 신뢰를 받고 있습니다. AI융합 관련 전문성이 높으며, 다수의 논문 및 특허 실적을 통해 연구소 발전에 기여하고 있습니다. 소통 능력을 더욱 향상시키면 팀 내 시너...","AI융합 전문성, 연구 성과 우수","리더십 역량 강화, 외부 네트워크 확대"
R024,2022,"올해 장소연 연구원은 AI융합 프로젝트에서 핵심적인 역할을 수행하여 우수한 결과를 도출하였습니다. 연구 기획력과 실행력이 뛰어나며, 후배 연구원 지도에도 열의를 보이고 있습니다. 지속적인 자기계발 노력이 인상적이며, 외부 협력 네트워크를 더욱 확대할 것을 권장합니다.","올해 장소연 연구원은 AI융합 프로젝트에서 핵심적인 역할을 수행하여 우수한 결과를 도출하였습니다. 연구 기획력과 실행력이 뛰어나며, 후배 연구원 지도에도 열의를 보이고 있습니다. 지속적인 자기계발 노력이 인상적이며,...","AI융합 전문성, 연구 성과 우수","리더십 역량 강화, 외부 네트워크 확대"
R024,2023,"올해 장소연 연구원은 AI융합 프로젝트에서 핵심적인 역할을 수행하여 우수한 결과를 도출하였습니다. 연구 기획력과 실행력이 뛰어나며, 후배 연구원 지도에도 열의를 보이고 있습니다. 지속적인 자기계발 노력이 인상적이며, 외부 협력 네트워크를 더욱 확대할 것을 권장합니다.","올해 장소연 연구원은 AI융합 프로젝트에서 핵심적인 역할을 수행하여 우수한 결과를 도출하였습니다. 연구 기획력과 실행력이 뛰어나며, 후배 연구원 지도에도 열의를 보이고 있습니다. 지속적인 자기계발 노력이 인상적이며,...","AI융합 전문성, 연구 성과 우수","리더십 역량 강화, 외부 네트워크 확대"
R024,2024,"장소연 연구원은 연구소 내에서 전문성과 성과 면에서 두드러진 모습을 보여주고 있습니다. 복잡한 기술 과제를 체계적으로 분석하고 해결하는 능력이 돋보이며, AI융합 분야의 핵심 인재로 성장하고 있습니다. 글로벌 연구 역량 강화를 위해 국제 학술 활동 참여를 늘릴 것을 제안합니다.","장소연 연구원은 연구소 내에서 전문성과 성과 면에서 두드러진 모습을 보여주고 있습니다. 복잡한 기술 과제를 체계적으로 분석하고 해결하는 능력이 돋보이며, AI융합 분야의 핵심 인재로 성장하고 있습니다. 글로벌 연구 ...","AI융합 전문성, 연구 성과 우수","리더십 역량 강화, 외부 네트워크 확대"
R025,2022,"임수빈 연구원은 성실하고 꼼꼼한 연구 태도로 주변의 신뢰를 받고 있습니다. AI융합 관련 전문성이 높으며, 다수의 논문 및 특허 실적을 통해 연구소 발전에 기여하고 있습니다. 소통 능력을 더욱 향상시키면 팀 내 시너지 효과가 클 것으로 봅니다. 후배 연구원들에게 좋은 롤모델이 되고 있어 조직 문화에도 긍정적인 영향을 주고 있습니다.","임수빈 연구원은 성실하고 꼼꼼한 연구 태도로 주변의 신뢰를 받고 있습니다. AI융합 관련 전문성이 높으며, 다수의 논문 및 특허 실적을 통해 연구소 발전에 기여하고 있습니다. 소통 능력을 더욱 향상시키면 팀 내 시너...","AI융합 전문성, 연구 성과 우수","리더십 역량 강화, 외부 네트워크 확대"
R025,2023,"임수빈 연구원은 성실하고 꼼꼼한 연구 태도로 주변의 신뢰를 받고 있습니다. AI융합 관련 전문성이 높으며, 다수의 논문 및 특허 실적을 통해 연구소 발전에 기여하고 있습니다. 소통 능력을 더욱 향상시키면 팀 내 시너지 효과가 클 것으로 봅니다. 후배 연구원들에게 좋은 롤모델이 되고 있어 조직 문화에도 긍정적인 영향을 주고 있습니다.","임수빈 연구원은 성실하고 꼼꼼한 연구 태도로 주변의 신뢰를 받고 있습니다. AI융합 관련 전문성이 높으며, 다수의 논문 및 특허 실적을 통해 연구소 발전에 기여하고 있습니다. 소통 능력을 더욱 향상시키면 팀 내 시너...","AI융합 전문성, 연구 성과 우수","리더십 역량 강화, 외부 네트워크 확대"
R025,2024,"올해 임수빈 연구원은 AI융합 프로젝트에서 핵심적인 역할을 수행하여 우수한 결과를 도출하였습니다. 연구 기획력과 실행력이 뛰어나며, 후배 연구원 지도에도 열의를 보이고 있습니다. 지속적인 자기계발 노력이 인상적이며, 외부 협력 네트워크를 더욱 확대할 것을 권장합니다.","올해 임수빈 연구원은 AI융합 프로젝트에서 핵심적인 역할을 수행하여 우수한 결과를 도출하였습니다. 연구 기획력과 실행력이 뛰어나며, 후배 연구원 지도에도 열의를 보이고 있습니다. 지속적인 자기계발 노력이 인상적이며,...","AI융합 전문성, 연구 성과 우수","리더십 역량 강화, 외부 네트워크 확대"
R026,2022,"장민지 연구원은 성실하고 꼼꼼한 연구 태도로 주변의 신뢰를 받고 있습니다. AI융합 관련 전문성이 높으며, 다수의 논문 및 특허 실적을 통해 연구소 발전에 기여하고 있습니다. 소통 능력을 더욱 향상시키면 팀 내 시너지 효과가 클 것으로 봅니다. 후배 연구원들에게 좋은 롤모델이 되고 있어 조직 문화에도 긍정적인 영향을 주고 있습니다.","장민지 연구원은 성실하고 꼼꼼한 연구 태도로 주변의 신뢰를 받고 있습니다. AI융합 관련 전문성이 높으며, 다수의 논문 및 특허 실적을 통해 연구소 발전에 기여하고 있습니다. 소통 능력을 더욱 향상시키면 팀 내 시너...","AI융합 전문성, 연구 성과 우수","리더십 역량 강화, 외부 네트워크 확대"
R026,2023,"장민지 연구원은 성실하고 꼼꼼한 연구 태도로 주변의 신뢰를 받고 있습니다. AI융합 관련 전문성이 높으며, 다수의 논문 및 특허 실적을 통해 연구소 발전에 기여하고 있습니다. 소통 능력을 더욱 향상시키면 팀 내 시너지 효과가 클 것으로 봅니다. 후배 연구원들에게 좋은 롤모델이 되고 있어 조직 문화에도 긍정적인 영향을 주고 있습니다.","장민지 연구원은 성실하고 꼼꼼한 연구 태도로 주변의 신뢰를 받고 있습니다. AI융합 관련 전문성이 높으며, 다수의 논문 및 특허 실적을 통해 연구소 발전에 기여하고 있습니다. 소통 능력을 더욱 향상시키면 팀 내 시너...","AI융합 전문성, 연구 성과 우수","리더십 역량 강화, 외부 네트워크 확대"
R026,2024,"장민지 연구원은 성실하고 꼼꼼한 연구 태도로 주변의 신뢰를 받고 있습니다. AI융합 관련 전문성이 높으며, 다수의 논문 및 특허 실적을 통해 연구소 발전에 기여하고 있습니다. 소통 능력을 더욱 향상시키면 팀 내 시너지 효과가 클 것으로 봅니다. 후배 연구원들에게 좋은 롤모델이 되고 있어 조직 문화에도 긍정적인 영향을 주고 있습니다.","장민지 연구원은 성실하고 꼼꼼한 연구 태도로 주변의 신뢰를 받고 있습니다. AI융합 관련 전문성이 높으며, 다수의 논문 및 특허 실적을 통해 연구소 발전에 기여하고 있습니다. 소통 능력을 더욱 향상시키면 팀 내 시너...","AI융합 전문성, 연구 성과 우수","리더십 역량 강화, 외부 네트워크 확대"
R027,2022,"박준서 연구원은 성실하고 꼼꼼한 연구 태도로 주변의 신뢰를 받고 있습니다. AI융합 관련 전문성이 높으며, 다수의 논문 및 특허 실적을 통해 연구소 발전에 기여하고 있습니다. 소통 능력을 더욱 향상시키면 팀 내 시너지 효과가 클 것으로 봅니다. 후배 연구원들에게 좋은 롤모델이 되고 있어 조직 문화에도 긍정적인 영향을 주고 있습니다.","박준서 연구원은 성실하고 꼼꼼한 연구 태도로 주변의 신뢰를 받고 있습니다. AI융합 관련 전문성이 높으며, 다수의 논문 및 특허 실적을 통해 연구소 발전에 기여하고 있습니다. 소통 능력을 더욱 향상시키면 팀 내 시너...","AI융합 전문성, 연구 성과 우수","리더십 역량 강화, 외부 네트워크 확대"
R027,2023,"박준서 연구원은 성실하고 꼼꼼한 연구 태도로 주변의 신뢰를 받고 있습니다. AI융합 관련 전문성이 높으며, 다수의 논문 및 특허 실적을 통해 연구소 발전에 기여하고 있습니다. 소통 능력을 더욱 향상시키면 팀 내 시너지 효과가 클 것으로 봅니다. 후배 연구원들에게 좋은 롤모델이 되고 있어 조직 문화에도 긍정적인 영향을 주고 있습니다.","박준서 연구원은 성실하고 꼼꼼한 연구 태도로 주변의 신뢰를 받고 있습니다. AI융합 관련 전문성이 높으며, 다수의 논문 및 특허 실적을 통해 연구소 발전에 기여하고 있습니다. 소통 능력을 더욱 향상시키면 팀 내 시너...","AI융합 전문성, 연구 성과 우수","리더십 역량 강화, 외부 네트워크 확대"
R027,2024,"박준서 연구원은 탁월한 연구 역량과 창의적인 문제 해결 능력을 보유하고 있습니다. 특히 AI융합 분야에서 두각을 나타내며, 팀 협업에도 적극적으로 기여하고 있습니다. 향후 리더십 역량 개발에 더욱 집중한다면 더 큰 성과를 이룰 수 있을 것으로 기대됩니다. 논문 및 특허 실적도 꾸준히 성장하고 있어 연구소의 핵심 인재로 자리매김하고 있습니다.","박준서 연구원은 탁월한 연구 역량과 창의적인 문제 해결 능력을 보유하고 있습니다. 특히 AI융합 분야에서 두각을 나타내며, 팀 협업에도 적극적으로 기여하고 있습니다. 향후 리더십 역량 개발에 더욱 집중한다면 더 큰 ...","AI융합 전문성, 연구 성과 우수","리더십 역량 강화, 외부 네트워크 확대"
R028,2022,"임현우 연구원은 탁월한 연구 역량과 창의적인 문제 해결 능력을 보유하고 있습니다. 특히 AI융합 분야에서 두각을 나타내며, 팀 협업에도 적극적으로 기여하고 있습니다. 향후 리더십 역량 개발에 더욱 집중한다면 더 큰 성과를 이룰 수 있을 것으로 기대됩니다. 논문 및 특허 실적도 꾸준히 성장하고 있어 연구소의 핵심 인재로 자리매김하고 있습니다.","임현우 연구원은 탁월한 연구 역량과 창의적인 문제 해결 능력을 보유하고 있습니다. 특히 AI융합 분야에서 두각을 나타내며, 팀 협업에도 적극적으로 기여하고 있습니다. 향후 리더십 역량 개발에 더욱 집중한다면 더 큰 ...","AI융합 전문성, 연구 성과 우수","리더십 역량 강화, 외부 네트워크 확대"
R028,2023,"올해 임현우 연구원은 AI융합 프로젝트에서 핵심적인 역할을 수행하여 우수한 결과를 도출하였습니다. 연구 기획력과 실행력이 뛰어나며, 후배 연구원 지도에도 열의를 보이고 있습니다. 지속적인 자기계발 노력이 인상적이며, 외부 협력 네트워크를 더욱 확대할 것을 권장합니다.","올해 임현우 연구원은 AI융합 프로젝트에서 핵심적인 역할을 수행하여 우수한 결과를 도출하였습니다. 연구 기획력과 실행력이 뛰어나며, 후배 연구원 지도에도 열의를 보이고 있습니다. 지속적인 자기계발 노력이 인상적이며,...","AI융합 전문성, 연구 성과 우수","리더십 역량 강화, 외부 네트워크 확대"
R028,2024,"임현우 연구원은 성실하고 꼼꼼한 연구 태도로 주변의 신뢰를 받고 있습니다. AI융합 관련 전문성이 높으며, 다수의 논문 및 특허 실적을 통해 연구소 발전에 기여하고 있습니다. 소통 능력을 더욱 향상시키면 팀 내 시너지 효과가 클 것으로 봅니다. 후배 연구원들에게 좋은 롤모델이 되고 있어 조직 문화에도 긍정적인 영향을 주고 있습니다.","임현우 연구원은 성실하고 꼼꼼한 연구 태도로 주변의 신뢰를 받고 있습니다. AI융합 관련 전문성이 높으며, 다수의 논문 및 특허 실적을 통해 연구소 발전에 기여하고 있습니다. 소통 능력을 더욱 향상시키면 팀 내 시너...","AI융합 전문성, 연구 성과 우수","리더십 역량 강화, 외부 네트워크 확대"
R029,2022,"윤예진 연구원은 연구소 내에서 전문성과 성과 면에서 두드러진 모습을 보여주고 있습니다. 복잡한 기술 과제를 체계적으로 분석하고 해결하는 능력이 돋보이며, AI융합 분야의 핵심 인재로 성장하고 있습니다. 글로벌 연구 역량 강화를 위해 국제 학술 활동 참여를 늘릴 것을 제안합니다.","윤예진 연구원은 연구소 내에서 전문성과 성과 면에서 두드러진 모습을 보여주고 있습니다. 복잡한 기술 과제를 체계적으로 분석하고 해결하는 능력이 돋보이며, AI융합 분야의 핵심 인재로 성장하고 있습니다. 글로벌 연구 ...","AI융합 전문성, 연구 성과 우수","리더십 역량 강화, 외부 네트워크 확대"
R029,2023,"올해 윤예진 연구원은 AI융합 프로젝트에서 핵심적인 역할을 수행하여 우수한 결과를 도출하였습니다. 연구 기획력과 실행력이 뛰어나며, 후배 연구원 지도에도 열의를 보이고 있습니다. 지속적인 자기계발 노력이 인상적이며, 외부 협력 네트워크를 더욱 확대할 것을 권장합니다.","올해 윤예진 연구원은 AI융합 프로젝트에서 핵심적인 역할을 수행하여 우수한 결과를 도출하였습니다. 연구 기획력과 실행력이 뛰어나며, 후배 연구원 지도에도 열의를 보이고 있습니다. 지속적인 자기계발 노력이 인상적이며,...","AI융합 전문성, 연구 성과 우수","리더십 역량 강화, 외부 네트워크 확대"
R029,2024,"올해 윤예진 연구원은 AI융합 프로젝트에서 핵심적인 역할을 수행하여 우수한 결과를 도출하였습니다. 연구 기획력과 실행력이 뛰어나며, 후배 연구원 지도에도 열의를 보이고 있습니다. 지속적인 자기계발 노력이 인상적이며, 외부 협력 네트워크를 더욱 확대할 것을 권장합니다.","올해 윤예진 연구원은 AI융합 프로젝트에서 핵심적인 역할을 수행하여 우수한 결과를 도출하였습니다. 연구 기획력과 실행력이 뛰어나며, 후배 연구원 지도에도 열의를 보이고 있습니다. 지속적인 자기계발 노력이 인상적이며,...","AI융합 전문성, 연구 성과 우수","리더십 역량 강화, 외부 네트워크 확대"
R030,2022,"한주원 연구원은 성실하고 꼼꼼한 연구 태도로 주변의 신뢰를 받고 있습니다. AI융합 관련 전문성이 높으며, 다수의 논문 및 특허 실적을 통해 연구소 발전에 기여하고 있습니다. 소통 능력을 더욱 향상시키면 팀 내 시너지 효과가 클 것으로 봅니다. 후배 연구원들에게 좋은 롤모델이 되고 있어 조직 문화에도 긍정적인 영향을 주고 있습니다.","한주원 연구원은 성실하고 꼼꼼한 연구 태도로 주변의 신뢰를 받고 있습니다. AI융합 관련 전문성이 높으며, 다수의 논문 및 특허 실적을 통해 연구소 발전에 기여하고 있습니다. 소통 능력을 더욱 향상시키면 팀 내 시너...","AI융합 전문성, 연구 성과 우수","리더십 역량 강화, 외부 네트워크 확대"
R030,2023,"한주원 연구원은 성실하고 꼼꼼한 연구 태도로 주변의 신뢰를 받고 있습니다. AI융합 관련 전문성이 높으며, 다수의 논문 및 특허 실적을 통해 연구소 발전에 기여하고 있습니다. 소통 능력을 더욱 향상시키면 팀 내 시너지 효과가 클 것으로 봅니다. 후배 연구원들에게 좋은 롤모델이 되고 있어 조직 문화에도 긍정적인 영향을 주고 있습니다.","한주원 연구원은 성실하고 꼼꼼한 연구 태도로 주변의 신뢰를 받고 있습니다. AI융합 관련 전문성이 높으며, 다수의 논문 및 특허 실적을 통해 연구소 발전에 기여하고 있습니다. 소통 능력을 더욱 향상시키면 팀 내 시너...","AI융합 전문성, 연구 성과 우수","리더십 역량 강화, 외부 네트워크 확대"
R030,2024,"한주원 연구원은 탁월한 연구 역량과 창의적인 문제 해결 능력을 보유하고 있습니다. 특히 AI융합 분야에서 두각을 나타내며, 팀 협업에도 적극적으로 기여하고 있습니다. 향후 리더십 역량 개발에 더욱 집중한다면 더 큰 성과를 이룰 수 있을 것으로 기대됩니다. 논문 및 특허 실적도 꾸준히 성장하고 있어 연구소의 핵심 인재로 자리매김하고 있습니다.","한주원 연구원은 탁월한 연구 역량과 창의적인 문제 해결 능력을 보유하고 있습니다. 특히 AI융합 분야에서 두각을 나타내며, 팀 협업에도 적극적으로 기여하고 있습니다. 향후 리더십 역량 개발에 더욱 집중한다면 더 큰 ...","AI융합 전문성, 연구 성과 우수","리더십 역량 강화, 외부 네트워크 확대"
R031,2022,"올해 정지호 연구원은 바이오헬스 프로젝트에서 핵심적인 역할을 수행하여 우수한 결과를 도출하였습니다. 연구 기획력과 실행력이 뛰어나며, 후배 연구원 지도에도 열의를 보이고 있습니다. 지속적인 자기계발 노력이 인상적이며, 외부 협력 네트워크를 더욱 확대할 것을 권장합니다.","올해 정지호 연구원은 바이오헬스 프로젝트에서 핵심적인 역할을 수행하여 우수한 결과를 도출하였습니다. 연구 기획력과 실행력이 뛰어나며, 후배 연구원 지도에도 열의를 보이고 있습니다. 지속적인 자기계발 노력이 인상적이며...","바이오헬스 전문성, 연구 성과 우수","리더십 역량 강화, 외부 네트워크 확대"
R031,2023,"올해 정지호 연구원은 바이오헬스 프로젝트에서 핵심적인 역할을 수행하여 우수한 결과를 도출하였습니다. 연구 기획력과 실행력이 뛰어나며, 후배 연구원 지도에도 열의를 보이고 있습니다. 지속적인 자기계발 노력이 인상적이며, 외부 협력 네트워크를 더욱 확대할 것을 권장합니다.","올해 정지호 연구원은 바이오헬스 프로젝트에서 핵심적인 역할을 수행하여 우수한 결과를 도출하였습니다. 연구 기획력과 실행력이 뛰어나며, 후배 연구원 지도에도 열의를 보이고 있습니다. 지속적인 자기계발 노력이 인상적이며...","바이오헬스 전문성, 연구 성과 우수","리더십 역량 강화, 외부 네트워크 확대"
R031,2024,"정지호 연구원은 성실하고 꼼꼼한 연구 태도로 주변의 신뢰를 받고 있습니다. 바이오헬스 관련 전문성이 높으며, 다수의 논문 및 특허 실적을 통해 연구소 발전에 기여하고 있습니다. 소통 능력을 더욱 향상시키면 팀 내 시너지 효과가 클 것으로 봅니다. 후배 연구원들에게 좋은 롤모델이 되고 있어 조직 문화에도 긍정적인 영향을 주고 있습니다.","정지호 연구원은 성실하고 꼼꼼한 연구 태도로 주변의 신뢰를 받고 있습니다. 바이오헬스 관련 전문성이 높으며, 다수의 논문 및 특허 실적을 통해 연구소 발전에 기여하고 있습니다. 소통 능력을 더욱 향상시키면 팀 내 시...","바이오헬스 전문성, 연구 성과 우수","리더십 역량 강화, 외부 네트워크 확대"
R032,2022,"올해 조지훈 연구원은 바이오헬스 프로젝트에서 핵심적인 역할을 수행하여 우수한 결과를 도출하였습니다. 연구 기획력과 실행력이 뛰어나며, 후배 연구원 지도에도 열의를 보이고 있습니다. 지속적인 자기계발 노력이 인상적이며, 외부 협력 네트워크를 더욱 확대할 것을 권장합니다.","올해 조지훈 연구원은 바이오헬스 프로젝트에서 핵심적인 역할을 수행하여 우수한 결과를 도출하였습니다. 연구 기획력과 실행력이 뛰어나며, 후배 연구원 지도에도 열의를 보이고 있습니다. 지속적인 자기계발 노력이 인상적이며...","바이오헬스 전문성, 연구 성과 우수","리더십 역량 강화, 외부 네트워크 확대"
R032,2023,"조지훈 연구원은 연구소 내에서 전문성과 성과 면에서 두드러진 모습을 보여주고 있습니다. 복잡한 기술 과제를 체계적으로 분석하고 해결하는 능력이 돋보이며, 바이오헬스 분야의 핵심 인재로 성장하고 있습니다. 글로벌 연구 역량 강화를 위해 국제 학술 활동 참여를 늘릴 것을 제안합니다.","조지훈 연구원은 연구소 내에서 전문성과 성과 면에서 두드러진 모습을 보여주고 있습니다. 복잡한 기술 과제를 체계적으로 분석하고 해결하는 능력이 돋보이며, 바이오헬스 분야의 핵심 인재로 성장하고 있습니다. 글로벌 연구...","바이오헬스 전문성, 연구 성과 우수","리더십 역량 강화, 외부 네트워크 확대"
R032,2024,"조지훈 연구원은 성실하고 꼼꼼한 연구 태도로 주변의 신뢰를 받고 있습니다. 바이오헬스 관련 전문성이 높으며, 다수의 논문 및 특허 실적을 통해 연구소 발전에 기여하고 있습니다. 소통 능력을 더욱 향상시키면 팀 내 시너지 효과가 클 것으로 봅니다. 후배 연구원들에게 좋은 롤모델이 되고 있어 조직 문화에도 긍정적인 영향을 주고 있습니다.","조지훈 연구원은 성실하고 꼼꼼한 연구 태도로 주변의 신뢰를 받고 있습니다. 바이오헬스 관련 전문성이 높으며, 다수의 논문 및 특허 실적을 통해 연구소 발전에 기여하고 있습니다. 소통 능력을 더욱 향상시키면 팀 내 시...","바이오헬스 전문성, 연구 성과 우수","리더십 역량 강화, 외부 네트워크 확대"
R033,2022,"올해 오동현 연구원은 바이오헬스 프로젝트에서 핵심적인 역할을 수행하여 우수한 결과를 도출하였습니다. 연구 기획력과 실행력이 뛰어나며, 후배 연구원 지도에도 열의를 보이고 있습니다. 지속적인 자기계발 노력이 인상적이며, 외부 협력 네트워크를 더욱 확대할 것을 권장합니다.","올해 오동현 연구원은 바이오헬스 프로젝트에서 핵심적인 역할을 수행하여 우수한 결과를 도출하였습니다. 연구 기획력과 실행력이 뛰어나며, 후배 연구원 지도에도 열의를 보이고 있습니다. 지속적인 자기계발 노력이 인상적이며...","바이오헬스 전문성, 연구 성과 우수","리더십 역량 강화, 외부 네트워크 확대"
R033,2023,"오동현 연구원은 탁월한 연구 역량과 창의적인 문제 해결 능력을 보유하고 있습니다. 특히 바이오헬스 분야에서 두각을 나타내며, 팀 협업에도 적극적으로 기여하고 있습니다. 향후 리더십 역량 개발에 더욱 집중한다면 더 큰 성과를 이룰 수 있을 것으로 기대됩니다. 논문 및 특허 실적도 꾸준히 성장하고 있어 연구소의 핵심 인재로 자리매김하고 있습니다.","오동현 연구원은 탁월한 연구 역량과 창의적인 문제 해결 능력을 보유하고 있습니다. 특히 바이오헬스 분야에서 두각을 나타내며, 팀 협업에도 적극적으로 기여하고 있습니다. 향후 리더십 역량 개발에 더욱 집중한다면 더 큰...","바이오헬스 전문성, 연구 성과 우수","리더십 역량 강화, 외부 네트워크 확대"
R033,2024,"오동현 연구원은 탁월한 연구 역량과 창의적인 문제 해결 능력을 보유하고 있습니다. 특히 바이오헬스 분야에서 두각을 나타내며, 팀 협업에도 적극적으로 기여하고 있습니다. 향후 리더십 역량 개발에 더욱 집중한다면 더 큰 성과를 이룰 수 있을 것으로 기대됩니다. 논문 및 특허 실적도 꾸준히 성장하고 있어 연구소의 핵심 인재로 자리매김하고 있습니다.","오동현 연구원은 탁월한 연구 역량과 창의적인 문제 해결 능력을 보유하고 있습니다. 특히 바이오헬스 분야에서 두각을 나타내며, 팀 협업에도 적극적으로 기여하고 있습니다. 향후 리더십 역량 개발에 더욱 집중한다면 더 큰...","바이오헬스 전문성, 연구 성과 우수","리더십 역량 강화, 외부 네트워크 확대"
R034,2022,"한승우 연구원은 연구소 내에서 전문성과 성과 면에서 두드러진 모습을 보여주고 있습니다. 복잡한 기술 과제를 체계적으로 분석하고 해결하는 능력이 돋보이며, 바이오헬스 분야의 핵심 인재로 성장하고 있습니다. 글로벌 연구 역량 강화를 위해 국제 학술 활동 참여를 늘릴 것을 제안합니다.","한승우 연구원은 연구소 내에서 전문성과 성과 면에서 두드러진 모습을 보여주고 있습니다. 복잡한 기술 과제를 체계적으로 분석하고 해결하는 능력이 돋보이며, 바이오헬스 분야의 핵심 인재로 성장하고 있습니다. 글로벌 연구...","바이오헬스 전문성, 연구 성과 우수","리더십 역량 강화, 외부 네트워크 확대"
R034,2023,"한승우 연구원은 연구소 내에서 전문성과 성과 면에서 두드러진 모습을 보여주고 있습니다. 복잡한 기술 과제를 체계적으로 분석하고 해결하는 능력이 돋보이며, 바이오헬스 분야의 핵심 인재로 성장하고 있습니다. 글로벌 연구 역량 강화를 위해 국제 학술 활동 참여를 늘릴 것을 제안합니다.","한승우 연구원은 연구소 내에서 전문성과 성과 면에서 두드러진 모습을 보여주고 있습니다. 복잡한 기술 과제를 체계적으로 분석하고 해결하는 능력이 돋보이며, 바이오헬스 분야의 핵심 인재로 성장하고 있습니다. 글로벌 연구...","바이오헬스 전문성, 연구 성과 우수","리더십 역량 강화, 외부 네트워크 확대"
R034,2024,"한승우 연구원은 성실하고 꼼꼼한 연구 태도로 주변의 신뢰를 받고 있습니다. 바이오헬스 관련 전문성이 높으며, 다수의 논문 및 특허 실적을 통해 연구소 발전에 기여하고 있습니다. 소통 능력을 더욱 향상시키면 팀 내 시너지 효과가 클 것으로 봅니다. 후배 연구원들에게 좋은 롤모델이 되고 있어 조직 문화에도 긍정적인 영향을 주고 있습니다.","한승우 연구원은 성실하고 꼼꼼한 연구 태도로 주변의 신뢰를 받고 있습니다. 바이오헬스 관련 전문성이 높으며, 다수의 논문 및 특허 실적을 통해 연구소 발전에 기여하고 있습니다. 소통 능력을 더욱 향상시키면 팀 내 시...","바이오헬스 전문성, 연구 성과 우수","리더십 역량 강화, 외부 네트워크 확대"
R035,2022,"박소연 연구원은 연구소 내에서 전문성과 성과 면에서 두드러진 모습을 보여주고 있습니다. 복잡한 기술 과제를 체계적으로 분석하고 해결하는 능력이 돋보이며, 바이오헬스 분야의 핵심 인재로 성장하고 있습니다. 글로벌 연구 역량 강화를 위해 국제 학술 활동 참여를 늘릴 것을 제안합니다.","박소연 연구원은 연구소 내에서 전문성과 성과 면에서 두드러진 모습을 보여주고 있습니다. 복잡한 기술 과제를 체계적으로 분석하고 해결하는 능력이 돋보이며, 바이오헬스 분야의 핵심 인재로 성장하고 있습니다. 글로벌 연구...","바이오헬스 전문성, 연구 성과 우수","리더십 역량 강화, 외부 네트워크 확대"
R035,2023,"올해 박소연 연구원은 바이오헬스 프로젝트에서 핵심적인 역할을 수행하여 우수한 결과를 도출하였습니다. 연구 기획력과 실행력이 뛰어나며, 후배 연구원 지도에도 열의를 보이고 있습니다. 지속적인 자기계발 노력이 인상적이며, 외부 협력 네트워크를 더욱 확대할 것을 권장합니다.","올해 박소연 연구원은 바이오헬스 프로젝트에서 핵심적인 역할을 수행하여 우수한 결과를 도출하였습니다. 연구 기획력과 실행력이 뛰어나며, 후배 연구원 지도에도 열의를 보이고 있습니다. 지속적인 자기계발 노력이 인상적이며...","바이오헬스 전문성, 연구 성과 우수","리더십 역량 강화, 외부 네트워크 확대"
R035,2024,"박소연 연구원은 성실하고 꼼꼼한 연구 태도로 주변의 신뢰를 받고 있습니다. 바이오헬스 관련 전문성이 높으며, 다수의 논문 및 특허 실적을 통해 연구소 발전에 기여하고 있습니다. 소통 능력을 더욱 향상시키면 팀 내 시너지 효과가 클 것으로 봅니다. 후배 연구원들에게 좋은 롤모델이 되고 있어 조직 문화에도 긍정적인 영향을 주고 있습니다.","박소연 연구원은 성실하고 꼼꼼한 연구 태도로 주변의 신뢰를 받고 있습니다. 바이오헬스 관련 전문성이 높으며, 다수의 논문 및 특허 실적을 통해 연구소 발전에 기여하고 있습니다. 소통 능력을 더욱 향상시키면 팀 내 시...","바이오헬스 전문성, 연구 성과 우수","리더십 역량 강화, 외부 네트워크 확대"
R036,2022,"윤준혁 연구원은 탁월한 연구 역량과 창의적인 문제 해결 능력을 보유하고 있습니다. 특히 바이오헬스 분야에서 두각을 나타내며, 팀 협업에도 적극적으로 기여하고 있습니다. 향후 리더십 역량 개발에 더욱 집중한다면 더 큰 성과를 이룰 수 있을 것으로 기대됩니다. 논문 및 특허 실적도 꾸준히 성장하고 있어 연구소의 핵심 인재로 자리매김하고 있습니다.","윤준혁 연구원은 탁월한 연구 역량과 창의적인 문제 해결 능력을 보유하고 있습니다. 특히 바이오헬스 분야에서 두각을 나타내며, 팀 협업에도 적극적으로 기여하고 있습니다. 향후 리더십 역량 개발에 더욱 집중한다면 더 큰...","바이오헬스 전문성, 연구 성과 우수","리더십 역량 강화, 외부 네트워크 확대"
R036,2023,"올해 윤준혁 연구원은 바이오헬스 프로젝트에서 핵심적인 역할을 수행하여 우수한 결과를 도출하였습니다. 연구 기획력과 실행력이 뛰어나며, 후배 연구원 지도에도 열의를 보이고 있습니다. 지속적인 자기계발 노력이 인상적이며, 외부 협력 네트워크를 더욱 확대할 것을 권장합니다.","올해 윤준혁 연구원은 바이오헬스 프로젝트에서 핵심적인 역할을 수행하여 우수한 결과를 도출하였습니다. 연구 기획력과 실행력이 뛰어나며, 후배 연구원 지도에도 열의를 보이고 있습니다. 지속적인 자기계발 노력이 인상적이며...","바이오헬스 전문성, 연구 성과 우수","리더십 역량 강화, 외부 네트워크 확대"
R036,2024,"올해 윤준혁 연구원은 바이오헬스 프로젝트에서 핵심적인 역할을 수행하여 우수한 결과를 도출하였습니다. 연구 기획력과 실행력이 뛰어나며, 후배 연구원 지도에도 열의를 보이고 있습니다. 지속적인 자기계발 노력이 인상적이며, 외부 협력 네트워크를 더욱 확대할 것을 권장합니다.","올해 윤준혁 연구원은 바이오헬스 프로젝트에서 핵심적인 역할을 수행하여 우수한 결과를 도출하였습니다. 연구 기획력과 실행력이 뛰어나며, 후배 연구원 지도에도 열의를 보이고 있습니다. 지속적인 자기계발 노력이 인상적이며...","바이오헬스 전문성, 연구 성과 우수","리더십 역량 강화, 외부 네트워크 확대"
R037,2022,"최민준 연구원은 연구소 내에서 전문성과 성과 면에서 두드러진 모습을 보여주고 있습니다. 복잡한 기술 과제를 체계적으로 분석하고 해결하는 능력이 돋보이며, 바이오헬스 분야의 핵심 인재로 성장하고 있습니다. 글로벌 연구 역량 강화를 위해 국제 학술 활동 참여를 늘릴 것을 제안합니다.","최민준 연구원은 연구소 내에서 전문성과 성과 면에서 두드러진 모습을 보여주고 있습니다. 복잡한 기술 과제를 체계적으로 분석하고 해결하는 능력이 돋보이며, 바이오헬스 분야의 핵심 인재로 성장하고 있습니다. 글로벌 연구...","바이오헬스 전문성, 연구 성과 우수","리더십 역량 강화, 외부 네트워크 확대"
R037,2023,"올해 최민준 연구원은 바이오헬스 프로젝트에서 핵심적인 역할을 수행하여 우수한 결과를 도출하였습니다. 연구 기획력과 실행력이 뛰어나며, 후배 연구원 지도에도 열의를 보이고 있습니다. 지속적인 자기계발 노력이 인상적이며, 외부 협력 네트워크를 더욱 확대할 것을 권장합니다.","올해 최민준 연구원은 바이오헬스 프로젝트에서 핵심적인 역할을 수행하여 우수한 결과를 도출하였습니다. 연구 기획력과 실행력이 뛰어나며, 후배 연구원 지도에도 열의를 보이고 있습니다. 지속적인 자기계발 노력이 인상적이며...","바이오헬스 전문성, 연구 성과 우수","리더십 역량 강화, 외부 네트워크 확대"
R037,2024,"최민준 연구원은 성실하고 꼼꼼한 연구 태도로 주변의 신뢰를 받고 있습니다. 바이오헬스 관련 전문성이 높으며, 다수의 논문 및 특허 실적을 통해 연구소 발전에 기여하고 있습니다. 소통 능력을 더욱 향상시키면 팀 내 시너지 효과가 클 것으로 봅니다. 후배 연구원들에게 좋은 롤모델이 되고 있어 조직 문화에도 긍정적인 영향을 주고 있습니다.","최민준 연구원은 성실하고 꼼꼼한 연구 태도로 주변의 신뢰를 받고 있습니다. 바이오헬스 관련 전문성이 높으며, 다수의 논문 및 특허 실적을 통해 연구소 발전에 기여하고 있습니다. 소통 능력을 더욱 향상시키면 팀 내 시...","바이오헬스 전문성, 연구 성과 우수","리더십 역량 강화, 외부 네트워크 확대"
R038,2022,"이주원 연구원은 연구소 내에서 전문성과 성과 면에서 두드러진 모습을 보여주고 있습니다. 복잡한 기술 과제를 체계적으로 분석하고 해결하는 능력이 돋보이며, 바이오헬스 분야의 핵심 인재로 성장하고 있습니다. 글로벌 연구 역량 강화를 위해 국제 학술 활동 참여를 늘릴 것을 제안합니다.","이주원 연구원은 연구소 내에서 전문성과 성과 면에서 두드러진 모습을 보여주고 있습니다. 복잡한 기술 과제를 체계적으로 분석하고 해결하는 능력이 돋보이며, 바이오헬스 분야의 핵심 인재로 성장하고 있습니다. 글로벌 연구...","바이오헬스 전문성, 연구 성과 우수","리더십 역량 강화, 외부 네트워크 확대"
R038,2023,"올해 이주원 연구원은 바이오헬스 프로젝트에서 핵심적인 역할을 수행하여 우수한 결과를 도출하였습니다. 연구 기획력과 실행력이 뛰어나며, 후배 연구원 지도에도 열의를 보이고 있습니다. 지속적인 자기계발 노력이 인상적이며, 외부 협력 네트워크를 더욱 확대할 것을 권장합니다.","올해 이주원 연구원은 바이오헬스 프로젝트에서 핵심적인 역할을 수행하여 우수한 결과를 도출하였습니다. 연구 기획력과 실행력이 뛰어나며, 후배 연구원 지도에도 열의를 보이고 있습니다. 지속적인 자기계발 노력이 인상적이며...","바이오헬스 전문성, 연구 성과 우수","리더십 역량 강화, 외부 네트워크 확대"
R038,2024,"이주원 연구원은 탁월한 연구 역량과 창의적인 문제 해결 능력을 보유하고 있습니다. 특히 바이오헬스 분야에서 두각을 나타내며, 팀 협업에도 적극적으로 기여하고 있습니다. 향후 리더십 역량 개발에 더욱 집중한다면 더 큰 성과를 이룰 수 있을 것으로 기대됩니다. 논문 및 특허 실적도 꾸준히 성장하고 있어 연구소의 핵심 인재로 자리매김하고 있습니다.","이주원 연구원은 탁월한 연구 역량과 창의적인 문제 해결 능력을 보유하고 있습니다. 특히 바이오헬스 분야에서 두각을 나타내며, 팀 협업에도 적극적으로 기여하고 있습니다. 향후 리더십 역량 개발에 더욱 집중한다면 더 큰...","바이오헬스 전문성, 연구 성과 우수","리더십 역량 강화, 외부 네트워크 확대"
R039,2022,"박태양 연구원은 연구소 내에서 전문성과 성과 면에서 두드러진 모습을 보여주고 있습니다. 복잡한 기술 과제를 체계적으로 분석하고 해결하는 능력이 돋보이며, 바이오헬스 분야의 핵심 인재로 성장하고 있습니다. 글로벌 연구 역량 강화를 위해 국제 학술 활동 참여를 늘릴 것을 제안합니다.","박태양 연구원은 연구소 내에서 전문성과 성과 면에서 두드러진 모습을 보여주고 있습니다. 복잡한 기술 과제를 체계적으로 분석하고 해결하는 능력이 돋보이며, 바이오헬스 분야의 핵심 인재로 성장하고 있습니다. 글로벌 연구...","바이오헬스 전문성, 연구 성과 우수","리더십 역량 강화, 외부 네트워크 확대"
R039,2023,"박태양 연구원은 탁월한 연구 역량과 창의적인 문제 해결 능력을 보유하고 있습니다. 특히 바이오헬스 분야에서 두각을 나타내며, 팀 협업에도 적극적으로 기여하고 있습니다. 향후 리더십 역량 개발에 더욱 집중한다면 더 큰 성과를 이룰 수 있을 것으로 기대됩니다. 논문 및 특허 실적도 꾸준히 성장하고 있어 연구소의 핵심 인재로 자리매김하고 있습니다.","박태양 연구원은 탁월한 연구 역량과 창의적인 문제 해결 능력을 보유하고 있습니다. 특히 바이오헬스 분야에서 두각을 나타내며, 팀 협업에도 적극적으로 기여하고 있습니다. 향후 리더십 역량 개발에 더욱 집중한다면 더 큰...","바이오헬스 전문성, 연구 성과 우수","리더십 역량 강화, 외부 네트워크 확대"
R039,2024,"박태양 연구원은 성실하고 꼼꼼한 연구 태도로 주변의 신뢰를 받고 있습니다. 바이오헬스 관련 전문성이 높으며, 다수의 논문 및 특허 실적을 통해 연구소 발전에 기여하고 있습니다. 소통 능력을 더욱 향상시키면 팀 내 시너지 효과가 클 것으로 봅니다. 후배 연구원들에게 좋은 롤모델이 되고 있어 조직 문화에도 긍정적인 영향을 주고 있습니다.","박태양 연구원은 성실하고 꼼꼼한 연구 태도로 주변의 신뢰를 받고 있습니다. 바이오헬스 관련 전문성이 높으며, 다수의 논문 및 특허 실적을 통해 연구소 발전에 기여하고 있습니다. 소통 능력을 더욱 향상시키면 팀 내 시...","바이오헬스 전문성, 연구 성과 우수","리더십 역량 강화, 외부 네트워크 확대"
R040,2022,"정예진 연구원은 탁월한 연구 역량과 창의적인 문제 해결 능력을 보유하고 있습니다. 특히 바이오헬스 분야에서 두각을 나타내며, 팀 협업에도 적극적으로 기여하고 있습니다. 향후 리더십 역량 개발에 더욱 집중한다면 더 큰 성과를 이룰 수 있을 것으로 기대됩니다. 논문 및 특허 실적도 꾸준히 성장하고 있어 연구소의 핵심 인재로 자리매김하고 있습니다.","정예진 연구원은 탁월한 연구 역량과 창의적인 문제 해결 능력을 보유하고 있습니다. 특히 바이오헬스 분야에서 두각을 나타내며, 팀 협업에도 적극적으로 기여하고 있습니다. 향후 리더십 역량 개발에 더욱 집중한다면 더 큰...","바이오헬스 전문성, 연구 성과 우수","리더십 역량 강화, 외부 네트워크 확대"
R040,2023,"올해 정예진 연구원은 바이오헬스 프로젝트에서 핵심적인 역할을 수행하여 우수한 결과를 도출하였습니다. 연구 기획력과 실행력이 뛰어나며, 후배 연구원 지도에도 열의를 보이고 있습니다. 지속적인 자기계발 노력이 인상적이며, 외부 협력 네트워크를 더욱 확대할 것을 권장합니다.","올해 정예진 연구원은 바이오헬스 프로젝트에서 핵심적인 역할을 수행하여 우수한 결과를 도출하였습니다. 연구 기획력과 실행력이 뛰어나며, 후배 연구원 지도에도 열의를 보이고 있습니다. 지속적인 자기계발 노력이 인상적이며...","바이오헬스 전문성, 연구 성과 우수","리더십 역량 강화, 외부 네트워크 확대"
R040,2024,"정예진 연구원은 탁월한 연구 역량과 창의적인 문제 해결 능력을 보유하고 있습니다. 특히 바이오헬스 분야에서 두각을 나타내며, 팀 협업에도 적극적으로 기여하고 있습니다. 향후 리더십 역량 개발에 더욱 집중한다면 더 큰 성과를 이룰 수 있을 것으로 기대됩니다. 논문 및 특허 실적도 꾸준히 성장하고 있어 연구소의 핵심 인재로 자리매김하고 있습니다.","정예진 연구원은 탁월한 연구 역량과 창의적인 문제 해결 능력을 보유하고 있습니다. 특히 바이오헬스 분야에서 두각을 나타내며, 팀 협업에도 적극적으로 기여하고 있습니다. 향후 리더십 역량 개발에 더욱 집중한다면 더 큰...","바이오헬스 전문성, 연구 성과 우수","리더십 역량 강화, 외부 네트워크 확대"
R041,2022,"오예준 연구원은 연구소 내에서 전문성과 성과 면에서 두드러진 모습을 보여주고 있습니다. 복잡한 기술 과제를 체계적으로 분석하고 해결하는 능력이 돋보이며, 에너지환경 분야의 핵심 인재로 성장하고 있습니다. 글로벌 연구 역량 강화를 위해 국제 학술 활동 참여를 늘릴 것을 제안합니다.","오예준 연구원은 연구소 내에서 전문성과 성과 면에서 두드러진 모습을 보여주고 있습니다. 복잡한 기술 과제를 체계적으로 분석하고 해결하는 능력이 돋보이며, 에너지환경 분야의 핵심 인재로 성장하고 있습니다. 글로벌 연구...","에너지환경 전문성, 연구 성과 우수","리더십 역량 강화, 외부 네트워크 확대"
R041,2023,"오예준 연구원은 성실하고 꼼꼼한 연구 태도로 주변의 신뢰를 받고 있습니다. 에너지환경 관련 전문성이 높으며, 다수의 논문 및 특허 실적을 통해 연구소 발전에 기여하고 있습니다. 소통 능력을 더욱 향상시키면 팀 내 시너지 효과가 클 것으로 봅니다. 후배 연구원들에게 좋은 롤모델이 되고 있어 조직 문화에도 긍정적인 영향을 주고 있습니다.","오예준 연구원은 성실하고 꼼꼼한 연구 태도로 주변의 신뢰를 받고 있습니다. 에너지환경 관련 전문성이 높으며, 다수의 논문 및 특허 실적을 통해 연구소 발전에 기여하고 있습니다. 소통 능력을 더욱 향상시키면 팀 내 시...","에너지환경 전문성, 연구 성과 우수","리더십 역량 강화, 외부 네트워크 확대"
R041,2024,"오예준 연구원은 연구소 내에서 전문성과 성과 면에서 두드러진 모습을 보여주고 있습니다. 복잡한 기술 과제를 체계적으로 분석하고 해결하는 능력이 돋보이며, 에너지환경 분야의 핵심 인재로 성장하고 있습니다. 글로벌 연구 역량 강화를 위해 국제 학술 활동 참여를 늘릴 것을 제안합니다.","오예준 연구원은 연구소 내에서 전문성과 성과 면에서 두드러진 모습을 보여주고 있습니다. 복잡한 기술 과제를 체계적으로 분석하고 해결하는 능력이 돋보이며, 에너지환경 분야의 핵심 인재로 성장하고 있습니다. 글로벌 연구...","에너지환경 전문성, 연구 성과 우수","리더십 역량 강화, 외부 네트워크 확대"
R042,2022,"올해 조시우 연구원은 에너지환경 프로젝트에서 핵심적인 역할을 수행하여 우수한 결과를 도출하였습니다. 연구 기획력과 실행력이 뛰어나며, 후배 연구원 지도에도 열의를 보이고 있습니다. 지속적인 자기계발 노력이 인상적이며, 외부 협력 네트워크를 더욱 확대할 것을 권장합니다.","올해 조시우 연구원은 에너지환경 프로젝트에서 핵심적인 역할을 수행하여 우수한 결과를 도출하였습니다. 연구 기획력과 실행력이 뛰어나며, 후배 연구원 지도에도 열의를 보이고 있습니다. 지속적인 자기계발 노력이 인상적이며...","에너지환경 전문성, 연구 성과 우수","리더십 역량 강화, 외부 네트워크 확대"
R042,2023,"조시우 연구원은 탁월한 연구 역량과 창의적인 문제 해결 능력을 보유하고 있습니다. 특히 에너지환경 분야에서 두각을 나타내며, 팀 협업에도 적극적으로 기여하고 있습니다. 향후 리더십 역량 개발에 더욱 집중한다면 더 큰 성과를 이룰 수 있을 것으로 기대됩니다. 논문 및 특허 실적도 꾸준히 성장하고 있어 연구소의 핵심 인재로 자리매김하고 있습니다.","조시우 연구원은 탁월한 연구 역량과 창의적인 문제 해결 능력을 보유하고 있습니다. 특히 에너지환경 분야에서 두각을 나타내며, 팀 협업에도 적극적으로 기여하고 있습니다. 향후 리더십 역량 개발에 더욱 집중한다면 더 큰...","에너지환경 전문성, 연구 성과 우수","리더십 역량 강화, 외부 네트워크 확대"
R042,2024,"올해 조시우 연구원은 에너지환경 프로젝트에서 핵심적인 역할을 수행하여 우수한 결과를 도출하였습니다. 연구 기획력과 실행력이 뛰어나며, 후배 연구원 지도에도 열의를 보이고 있습니다. 지속적인 자기계발 노력이 인상적이며, 외부 협력 네트워크를 더욱 확대할 것을 권장합니다.","올해 조시우 연구원은 에너지환경 프로젝트에서 핵심적인 역할을 수행하여 우수한 결과를 도출하였습니다. 연구 기획력과 실행력이 뛰어나며, 후배 연구원 지도에도 열의를 보이고 있습니다. 지속적인 자기계발 노력이 인상적이며...","에너지환경 전문성, 연구 성과 우수","리더십 역량 강화, 외부 네트워크 확대"
R043,2022,"윤도현 연구원은 탁월한 연구 역량과 창의적인 문제 해결 능력을 보유하고 있습니다. 특히 에너지환경 분야에서 두각을 나타내며, 팀 협업에도 적극적으로 기여하고 있습니다. 향후 리더십 역량 개발에 더욱 집중한다면 더 큰 성과를 이룰 수 있을 것으로 기대됩니다. 논문 및 특허 실적도 꾸준히 성장하고 있어 연구소의 핵심 인재로 자리매김하고 있습니다.","윤도현 연구원은 탁월한 연구 역량과 창의적인 문제 해결 능력을 보유하고 있습니다. 특히 에너지환경 분야에서 두각을 나타내며, 팀 협업에도 적극적으로 기여하고 있습니다. 향후 리더십 역량 개발에 더욱 집중한다면 더 큰...","에너지환경 전문성, 연구 성과 우수","리더십 역량 강화, 외부 네트워크 확대"
R043,2023,"윤도현 연구원은 성실하고 꼼꼼한 연구 태도로 주변의 신뢰를 받고 있습니다. 에너지환경 관련 전문성이 높으며, 다수의 논문 및 특허 실적을 통해 연구소 발전에 기여하고 있습니다. 소통 능력을 더욱 향상시키면 팀 내 시너지 효과가 클 것으로 봅니다. 후배 연구원들에게 좋은 롤모델이 되고 있어 조직 문화에도 긍정적인 영향을 주고 있습니다.","윤도현 연구원은 성실하고 꼼꼼한 연구 태도로 주변의 신뢰를 받고 있습니다. 에너지환경 관련 전문성이 높으며, 다수의 논문 및 특허 실적을 통해 연구소 발전에 기여하고 있습니다. 소통 능력을 더욱 향상시키면 팀 내 시...","에너지환경 전문성, 연구 성과 우수","리더십 역량 강화, 외부 네트워크 확대"
R043,2024,"윤도현 연구원은 성실하고 꼼꼼한 연구 태도로 주변의 신뢰를 받고 있습니다. 에너지환경 관련 전문성이 높으며, 다수의 논문 및 특허 실적을 통해 연구소 발전에 기여하고 있습니다. 소통 능력을 더욱 향상시키면 팀 내 시너지 효과가 클 것으로 봅니다. 후배 연구원들에게 좋은 롤모델이 되고 있어 조직 문화에도 긍정적인 영향을 주고 있습니다.","윤도현 연구원은 성실하고 꼼꼼한 연구 태도로 주변의 신뢰를 받고 있습니다. 에너지환경 관련 전문성이 높으며, 다수의 논문 및 특허 실적을 통해 연구소 발전에 기여하고 있습니다. 소통 능력을 더욱 향상시키면 팀 내 시...","에너지환경 전문성, 연구 성과 우수","리더십 역량 강화, 외부 네트워크 확대"
R044,2022,"올해 강준혁 연구원은 에너지환경 프로젝트에서 핵심적인 역할을 수행하여 우수한 결과를 도출하였습니다. 연구 기획력과 실행력이 뛰어나며, 후배 연구원 지도에도 열의를 보이고 있습니다. 지속적인 자기계발 노력이 인상적이며, 외부 협력 네트워크를 더욱 확대할 것을 권장합니다.","올해 강준혁 연구원은 에너지환경 프로젝트에서 핵심적인 역할을 수행하여 우수한 결과를 도출하였습니다. 연구 기획력과 실행력이 뛰어나며, 후배 연구원 지도에도 열의를 보이고 있습니다. 지속적인 자기계발 노력이 인상적이며...","에너지환경 전문성, 연구 성과 우수","리더십 역량 강화, 외부 네트워크 확대"
R044,2023,"강준혁 연구원은 성실하고 꼼꼼한 연구 태도로 주변의 신뢰를 받고 있습니다. 에너지환경 관련 전문성이 높으며, 다수의 논문 및 특허 실적을 통해 연구소 발전에 기여하고 있습니다. 소통 능력을 더욱 향상시키면 팀 내 시너지 효과가 클 것으로 봅니다. 후배 연구원들에게 좋은 롤모델이 되고 있어 조직 문화에도 긍정적인 영향을 주고 있습니다.","강준혁 연구원은 성실하고 꼼꼼한 연구 태도로 주변의 신뢰를 받고 있습니다. 에너지환경 관련 전문성이 높으며, 다수의 논문 및 특허 실적을 통해 연구소 발전에 기여하고 있습니다. 소통 능력을 더욱 향상시키면 팀 내 시...","에너지환경 전문성, 연구 성과 우수","리더십 역량 강화, 외부 네트워크 확대"
R044,2024,"강준혁 연구원은 탁월한 연구 역량과 창의적인 문제 해결 능력을 보유하고 있습니다. 특히 에너지환경 분야에서 두각을 나타내며, 팀 협업에도 적극적으로 기여하고 있습니다. 향후 리더십 역량 개발에 더욱 집중한다면 더 큰 성과를 이룰 수 있을 것으로 기대됩니다. 논문 및 특허 실적도 꾸준히 성장하고 있어 연구소의 핵심 인재로 자리매김하고 있습니다.","강준혁 연구원은 탁월한 연구 역량과 창의적인 문제 해결 능력을 보유하고 있습니다. 특히 에너지환경 분야에서 두각을 나타내며, 팀 협업에도 적극적으로 기여하고 있습니다. 향후 리더십 역량 개발에 더욱 집중한다면 더 큰...","에너지환경 전문성, 연구 성과 우수","리더십 역량 강화, 외부 네트워크 확대"
R045,2022,"김현우 연구원은 탁월한 연구 역량과 창의적인 문제 해결 능력을 보유하고 있습니다. 특히 에너지환경 분야에서 두각을 나타내며, 팀 협업에도 적극적으로 기여하고 있습니다. 향후 리더십 역량 개발에 더욱 집중한다면 더 큰 성과를 이룰 수 있을 것으로 기대됩니다. 논문 및 특허 실적도 꾸준히 성장하고 있어 연구소의 핵심 인재로 자리매김하고 있습니다.","김현우 연구원은 탁월한 연구 역량과 창의적인 문제 해결 능력을 보유하고 있습니다. 특히 에너지환경 분야에서 두각을 나타내며, 팀 협업에도 적극적으로 기여하고 있습니다. 향후 리더십 역량 개발에 더욱 집중한다면 더 큰...","에너지환경 전문성, 연구 성과 우수","리더십 역량 강화, 외부 네트워크 확대"
R045,2023,"김현우 연구원은 연구소 내에서 전문성과 성과 면에서 두드러진 모습을 보여주고 있습니다. 복잡한 기술 과제를 체계적으로 분석하고 해결하는 능력이 돋보이며, 에너지환경 분야의 핵심 인재로 성장하고 있습니다. 글로벌 연구 역량 강화를 위해 국제 학술 활동 참여를 늘릴 것을 제안합니다.","김현우 연구원은 연구소 내에서 전문성과 성과 면에서 두드러진 모습을 보여주고 있습니다. 복잡한 기술 과제를 체계적으로 분석하고 해결하는 능력이 돋보이며, 에너지환경 분야의 핵심 인재로 성장하고 있습니다. 글로벌 연구...","에너지환경 전문성, 연구 성과 우수","리더십 역량 강화, 외부 네트워크 확대"
R045,2024,"김현우 연구원은 탁월한 연구 역량과 창의적인 문제 해결 능력을 보유하고 있습니다. 특히 에너지환경 분야에서 두각을 나타내며, 팀 협업에도 적극적으로 기여하고 있습니다. 향후 리더십 역량 개발에 더욱 집중한다면 더 큰 성과를 이룰 수 있을 것으로 기대됩니다. 논문 및 특허 실적도 꾸준히 성장하고 있어 연구소의 핵심 인재로 자리매김하고 있습니다.","김현우 연구원은 탁월한 연구 역량과 창의적인 문제 해결 능력을 보유하고 있습니다. 특히 에너지환경 분야에서 두각을 나타내며, 팀 협업에도 적극적으로 기여하고 있습니다. 향후 리더십 역량 개발에 더욱 집중한다면 더 큰...","에너지환경 전문성, 연구 성과 우수","리더십 역량 강화, 외부 네트워크 확대"
R046,2022,"김민서 연구원은 연구소 내에서 전문성과 성과 면에서 두드러진 모습을 보여주고 있습니다. 복잡한 기술 과제를 체계적으로 분석하고 해결하는 능력이 돋보이며, 에너지환경 분야의 핵심 인재로 성장하고 있습니다. 글로벌 연구 역량 강화를 위해 국제 학술 활동 참여를 늘릴 것을 제안합니다.","김민서 연구원은 연구소 내에서 전문성과 성과 면에서 두드러진 모습을 보여주고 있습니다. 복잡한 기술 과제를 체계적으로 분석하고 해결하는 능력이 돋보이며, 에너지환경 분야의 핵심 인재로 성장하고 있습니다. 글로벌 연구...","에너지환경 전문성, 연구 성과 우수","리더십 역량 강화, 외부 네트워크 확대"
R046,2023,"김민서 연구원은 성실하고 꼼꼼한 연구 태도로 주변의 신뢰를 받고 있습니다. 에너지환경 관련 전문성이 높으며, 다수의 논문 및 특허 실적을 통해 연구소 발전에 기여하고 있습니다. 소통 능력을 더욱 향상시키면 팀 내 시너지 효과가 클 것으로 봅니다. 후배 연구원들에게 좋은 롤모델이 되고 있어 조직 문화에도 긍정적인 영향을 주고 있습니다.","김민서 연구원은 성실하고 꼼꼼한 연구 태도로 주변의 신뢰를 받고 있습니다. 에너지환경 관련 전문성이 높으며, 다수의 논문 및 특허 실적을 통해 연구소 발전에 기여하고 있습니다. 소통 능력을 더욱 향상시키면 팀 내 시...","에너지환경 전문성, 연구 성과 우수","리더십 역량 강화, 외부 네트워크 확대"
R046,2024,"김민서 연구원은 연구소 내에서 전문성과 성과 면에서 두드러진 모습을 보여주고 있습니다. 복잡한 기술 과제를 체계적으로 분석하고 해결하는 능력이 돋보이며, 에너지환경 분야의 핵심 인재로 성장하고 있습니다. 글로벌 연구 역량 강화를 위해 국제 학술 활동 참여를 늘릴 것을 제안합니다.","김민서 연구원은 연구소 내에서 전문성과 성과 면에서 두드러진 모습을 보여주고 있습니다. 복잡한 기술 과제를 체계적으로 분석하고 해결하는 능력이 돋보이며, 에너지환경 분야의 핵심 인재로 성장하고 있습니다. 글로벌 연구...","에너지환경 전문성, 연구 성과 우수","리더십 역량 강화, 외부 네트워크 확대"
R047,2022,"올해 최동현 연구원은 에너지환경 프로젝트에서 핵심적인 역할을 수행하여 우수한 결과를 도출하였습니다. 연구 기획력과 실행력이 뛰어나며, 후배 연구원 지도에도 열의를 보이고 있습니다. 지속적인 자기계발 노력이 인상적이며, 외부 협력 네트워크를 더욱 확대할 것을 권장합니다.","올해 최동현 연구원은 에너지환경 프로젝트에서 핵심적인 역할을 수행하여 우수한 결과를 도출하였습니다. 연구 기획력과 실행력이 뛰어나며, 후배 연구원 지도에도 열의를 보이고 있습니다. 지속적인 자기계발 노력이 인상적이며...","에너지환경 전문성, 연구 성과 우수","리더십 역량 강화, 외부 네트워크 확대"
R047,2023,"최동현 연구원은 탁월한 연구 역량과 창의적인 문제 해결 능력을 보유하고 있습니다. 특히 에너지환경 분야에서 두각을 나타내며, 팀 협업에도 적극적으로 기여하고 있습니다. 향후 리더십 역량 개발에 더욱 집중한다면 더 큰 성과를 이룰 수 있을 것으로 기대됩니다. 논문 및 특허 실적도 꾸준히 성장하고 있어 연구소의 핵심 인재로 자리매김하고 있습니다.","최동현 연구원은 탁월한 연구 역량과 창의적인 문제 해결 능력을 보유하고 있습니다. 특히 에너지환경 분야에서 두각을 나타내며, 팀 협업에도 적극적으로 기여하고 있습니다. 향후 리더십 역량 개발에 더욱 집중한다면 더 큰...","에너지환경 전문성, 연구 성과 우수","리더십 역량 강화, 외부 네트워크 확대"
R047,2024,"올해 최동현 연구원은 에너지환경 프로젝트에서 핵심적인 역할을 수행하여 우수한 결과를 도출하였습니다. 연구 기획력과 실행력이 뛰어나며, 후배 연구원 지도에도 열의를 보이고 있습니다. 지속적인 자기계발 노력이 인상적이며, 외부 협력 네트워크를 더욱 확대할 것을 권장합니다.","올해 최동현 연구원은 에너지환경 프로젝트에서 핵심적인 역할을 수행하여 우수한 결과를 도출하였습니다. 연구 기획력과 실행력이 뛰어나며, 후배 연구원 지도에도 열의를 보이고 있습니다. 지속적인 자기계발 노력이 인상적이며...","에너지환경 전문성, 연구 성과 우수","리더십 역량 강화, 외부 네트워크 확대"
R048,2022,"박주원 연구원은 연구소 내에서 전문성과 성과 면에서 두드러진 모습을 보여주고 있습니다. 복잡한 기술 과제를 체계적으로 분석하고 해결하는 능력이 돋보이며, 에너지환경 분야의 핵심 인재로 성장하고 있습니다. 글로벌 연구 역량 강화를 위해 국제 학술 활동 참여를 늘릴 것을 제안합니다.","박주원 연구원은 연구소 내에서 전문성과 성과 면에서 두드러진 모습을 보여주고 있습니다. 복잡한 기술 과제를 체계적으로 분석하고 해결하는 능력이 돋보이며, 에너지환경 분야의 핵심 인재로 성장하고 있습니다. 글로벌 연구...","에너지환경 전문성, 연구 성과 우수","리더십 역량 강화, 외부 네트워크 확대"
R048,2023,"박주원 연구원은 성실하고 꼼꼼한 연구 태도로 주변의 신뢰를 받고 있습니다. 에너지환경 관련 전문성이 높으며, 다수의 논문 및 특허 실적을 통해 연구소 발전에 기여하고 있습니다. 소통 능력을 더욱 향상시키면 팀 내 시너지 효과가 클 것으로 봅니다. 후배 연구원들에게 좋은 롤모델이 되고 있어 조직 문화에도 긍정적인 영향을 주고 있습니다.","박주원 연구원은 성실하고 꼼꼼한 연구 태도로 주변의 신뢰를 받고 있습니다. 에너지환경 관련 전문성이 높으며, 다수의 논문 및 특허 실적을 통해 연구소 발전에 기여하고 있습니다. 소통 능력을 더욱 향상시키면 팀 내 시...","에너지환경 전문성, 연구 성과 우수","리더십 역량 강화, 외부 네트워크 확대"
R048,2024,"박주원 연구원은 연구소 내에서 전문성과 성과 면에서 두드러진 모습을 보여주고 있습니다. 복잡한 기술 과제를 체계적으로 분석하고 해결하는 능력이 돋보이며, 에너지환경 분야의 핵심 인재로 성장하고 있습니다. 글로벌 연구 역량 강화를 위해 국제 학술 활동 참여를 늘릴 것을 제안합니다.","박주원 연구원은 연구소 내에서 전문성과 성과 면에서 두드러진 모습을 보여주고 있습니다. 복잡한 기술 과제를 체계적으로 분석하고 해결하는 능력이 돋보이며, 에너지환경 분야의 핵심 인재로 성장하고 있습니다. 글로벌 연구...","에너지환경 전문성, 연구 성과 우수","리더십 역량 강화, 외부 네트워크 확대"
R049,2022,"올해 조성민 연구원은 에너지환경 프로젝트에서 핵심적인 역할을 수행하여 우수한 결과를 도출하였습니다. 연구 기획력과 실행력이 뛰어나며, 후배 연구원 지도에도 열의를 보이고 있습니다. 지속적인 자기계발 노력이 인상적이며, 외부 협력 네트워크를 더욱 확대할 것을 권장합니다.","올해 조성민 연구원은 에너지환경 프로젝트에서 핵심적인 역할을 수행하여 우수한 결과를 도출하였습니다. 연구 기획력과 실행력이 뛰어나며, 후배 연구원 지도에도 열의를 보이고 있습니다. 지속적인 자기계발 노력이 인상적이며...","에너지환경 전문성, 연구 성과 우수","리더십 역량 강화, 외부 네트워크 확대"
R049,2023,"조성민 연구원은 연구소 내에서 전문성과 성과 면에서 두드러진 모습을 보여주고 있습니다. 복잡한 기술 과제를 체계적으로 분석하고 해결하는 능력이 돋보이며, 에너지환경 분야의 핵심 인재로 성장하고 있습니다. 글로벌 연구 역량 강화를 위해 국제 학술 활동 참여를 늘릴 것을 제안합니다.","조성민 연구원은 연구소 내에서 전문성과 성과 면에서 두드러진 모습을 보여주고 있습니다. 복잡한 기술 과제를 체계적으로 분석하고 해결하는 능력이 돋보이며, 에너지환경 분야의 핵심 인재로 성장하고 있습니다. 글로벌 연구...","에너지환경 전문성, 연구 성과 우수","리더십 역량 강화, 외부 네트워크 확대"
R049,2024,"올해 조성민 연구원은 에너지환경 프로젝트에서 핵심적인 역할을 수행하여 우수한 결과를 도출하였습니다. 연구 기획력과 실행력이 뛰어나며, 후배 연구원 지도에도 열의를 보이고 있습니다. 지속적인 자기계발 노력이 인상적이며, 외부 협력 네트워크를 더욱 확대할 것을 권장합니다.","올해 조성민 연구원은 에너지환경 프로젝트에서 핵심적인 역할을 수행하여 우수한 결과를 도출하였습니다. 연구 기획력과 실행력이 뛰어나며, 후배 연구원 지도에도 열의를 보이고 있습니다. 지속적인 자기계발 노력이 인상적이며...","에너지환경 전문성, 연구 성과 우수","리더십 역량 강화, 외부 네트워크 확대"
R050,2022,"조지원 연구원은 탁월한 연구 역량과 창의적인 문제 해결 능력을 보유하고 있습니다. 특히 에너지환경 분야에서 두각을 나타내며, 팀 협업에도 적극적으로 기여하고 있습니다. 향후 리더십 역량 개발에 더욱 집중한다면 더 큰 성과를 이룰 수 있을 것으로 기대됩니다. 논문 및 특허 실적도 꾸준히 성장하고 있어 연구소의 핵심 인재로 자리매김하고 있습니다.","조지원 연구원은 탁월한 연구 역량과 창의적인 문제 해결 능력을 보유하고 있습니다. 특히 에너지환경 분야에서 두각을 나타내며, 팀 협업에도 적극적으로 기여하고 있습니다. 향후 리더십 역량 개발에 더욱 집중한다면 더 큰...","에너지환경 전문성, 연구 성과 우수","리더십 역량 강화, 외부 네트워크 확대"
R050,2023,"올해 조지원 연구원은 에너지환경 프로젝트에서 핵심적인 역할을 수행하여 우수한 결과를 도출하였습니다. 연구 기획력과 실행력이 뛰어나며, 후배 연구원 지도에도 열의를 보이고 있습니다. 지속적인 자기계발 노력이 인상적이며, 외부 협력 네트워크를 더욱 확대할 것을 권장합니다.","올해 조지원 연구원은 에너지환경 프로젝트에서 핵심적인 역할을 수행하여 우수한 결과를 도출하였습니다. 연구 기획력과 실행력이 뛰어나며, 후배 연구원 지도에도 열의를 보이고 있습니다. 지속적인 자기계발 노력이 인상적이며...","에너지환경 전문성, 연구 성과 우수","리더십 역량 강화, 외부 네트워크 확대"
R050,2024,"올해 조지원 연구원은 에너지환경 프로젝트에서 핵심적인 역할을 수행하여 우수한 결과를 도출하였습니다. 연구 기획력과 실행력이 뛰어나며, 후배 연구원 지도에도 열의를 보이고 있습니다. 지속적인 자기계발 노력이 인상적이며, 외부 협력 네트워크를 더욱 확대할 것을 권장합니다.","올해 조지원 연구원은 에너지환경 프로젝트에서 핵심적인 역할을 수행하여 우수한 결과를 도출하였습니다. 연구 기획력과 실행력이 뛰어나며, 후배 연구원 지도에도 열의를 보이고 있습니다. 지속적인 자기계발 노력이 인상적이며...","에너지환경 전문성, 연구 성과 우수","리더십 역량 강화, 외부 네트워크 확대"
